ers_code,ers_name,ers_date,ers_quarter,decision_cutoff_utc,join_status,snapshot_id,provenance,snapshot_usable_from_utc,snapshot_generated_at_utc,lag_hours,snapshot_status,snapshot_max_asset_staleness_days,source_artifact_id,source_run_id
4441,トビラシステムズ,2026-06-10,2Q,2026-06-10 00:00:00 UTC,ok,MCTX-20260609T231118Z,historical_artifact_join,2026-06-09 23:11:26 UTC,2026-06-09 23:11:18 UTC,0.81,ok,0,7522455846,27241781179
5032,ANYCOLOR,2026-06-10,4Q/本決算,2026-06-10 00:00:00 UTC,ok,MCTX-20260609T231118Z,historical_artifact_join,2026-06-09 23:11:26 UTC,2026-06-09 23:11:18 UTC,0.81,ok,0,7522455846,27241781179
5132,pluszero,2026-06-10,2Q,2026-06-10 00:00:00 UTC,ok,MCTX-20260609T231118Z,historical_artifact_join,2026-06-09 23:11:26 UTC,2026-06-09 23:11:18 UTC,0.81,ok,0,7522455846,27241781179
9166,GENDA,2026-06-10,1Q,2026-06-10 00:00:00 UTC,ok,MCTX-20260609T231118Z,historical_artifact_join,2026-06-09 23:11:26 UTC,2026-06-09 23:11:18 UTC,0.81,ok,0,7522455846,27241781179
186A,アストロスケールホールディングス,2026-06-12,本決算,2026-06-12 00:00:00 UTC,ok,MCTX-20260611T231441Z,historical_artifact_join,2026-06-11 23:14:50 UTC,2026-06-11 23:14:41 UTC,0.75,ok,1,7579184087,27383429217
2695,くら寿司,2026-06-12,第２四半期,2026-06-12 00:00:00 UTC,ok,MCTX-20260611T231441Z,historical_artifact_join,2026-06-11 23:14:50 UTC,2026-06-11 23:14:41 UTC,0.75,ok,1,7579184087,27383429217
3038,神戸物産,2026-06-12,第２四半期,2026-06-12 00:00:00 UTC,ok,MCTX-20260611T231441Z,historical_artifact_join,2026-06-11 23:14:50 UTC,2026-06-11 23:14:41 UTC,0.75,ok,1,7579184087,27383429217
6966,三井ハイテック,2026-06-12,第２四半期,2026-06-12 00:00:00 UTC,ok,MCTX-20260611T231441Z,historical_artifact_join,2026-06-11 23:14:50 UTC,2026-06-11 23:14:41 UTC,0.75,ok,1,7579184087,27383429217
3480,ジェイ・エス・ビー,2026-06-12,本決算,2026-06-12 00:00:00 UTC,ok,MCTX-20260611T231441Z,historical_artifact_join,2026-06-11 23:14:50 UTC,2026-06-11 23:14:41 UTC,0.75,ok,1,7579184087,27383429217
4996,クミアイ化学工業,2026-06-12,本決算,2026-06-12 00:00:00 UTC,ok,MCTX-20260611T231441Z,historical_artifact_join,2026-06-11 23:14:50 UTC,2026-06-11 23:14:41 UTC,0.75,ok,1,7579184087,27383429217
6387,サムコ,2026-06-12,本決算,2026-06-12 00:00:00 UTC,ok,MCTX-20260611T231441Z,historical_artifact_join,2026-06-11 23:14:50 UTC,2026-06-11 23:14:41 UTC,0.75,ok,1,7579184087,27383429217
211A,カドス・コーポレーション,2026-06-12,第３四半期,2026-06-12 00:00:00 UTC,ok,MCTX-20260611T231441Z,historical_artifact_join,2026-06-11 23:14:50 UTC,2026-06-11 23:14:41 UTC,0.75,ok,1,7579184087,27383429217
4666,パーク２４,2026-06-15,連2Q,2026-06-15 00:00:00 UTC,ok,MCTX-20260614T225923Z,historical_artifact_join,2026-06-14 22:59:32 UTC,2026-06-14 22:59:23 UTC,1.01,ok,2,7625975865,27514773544
6594,ニデック,2026-06-15,連2Q?,2026-06-15 00:00:00 UTC,ok,MCTX-20260614T225923Z,historical_artifact_join,2026-06-14 22:59:32 UTC,2026-06-14 22:59:23 UTC,1.01,ok,2,7625975865,27514773544
4088,エア・ウォーター,2026-06-15,連2Q?,2026-06-15 00:00:00 UTC,ok,MCTX-20260614T225923Z,historical_artifact_join,2026-06-14 22:59:32 UTC,2026-06-14 22:59:23 UTC,1.01,ok,2,7625975865,27514773544
8975,いちごオフィスリート投資法人,2026-06-15,—,2026-06-15 00:00:00 UTC,ok,MCTX-20260614T225923Z,historical_artifact_join,2026-06-14 22:59:32 UTC,2026-06-14 22:59:23 UTC,1.01,ok,2,7625975865,27514773544
4592,サンバイオ,2026-06-15,—,2026-06-15 00:00:00 UTC,ok,MCTX-20260614T225923Z,historical_artifact_join,2026-06-14 22:59:32 UTC,2026-06-14 22:59:23 UTC,1.01,ok,2,7625975865,27514773544
3134,Hamee,2026-06-15,連本決算,2026-06-15 00:00:00 UTC,ok,MCTX-20260614T225923Z,historical_artifact_join,2026-06-14 22:59:32 UTC,2026-06-14 22:59:23 UTC,1.01,ok,2,7625975865,27514773544
3415,トウキョベース,2026-06-15,連1Q,2026-06-15 00:00:00 UTC,ok,MCTX-20260614T225923Z,historical_artifact_join,2026-06-14 22:59:32 UTC,2026-06-14 22:59:23 UTC,1.01,ok,2,7625975865,27514773544
3565,アセンテック,2026-06-15,連1Q,2026-06-15 00:00:00 UTC,ok,MCTX-20260614T225923Z,historical_artifact_join,2026-06-14 22:59:32 UTC,2026-06-14 22:59:23 UTC,1.01,ok,2,7625975865,27514773544
8972,KDX不動産投資法人,2026-06-17,本決算,2026-06-17 00:00:00 UTC,ok,MCTX-20260616T231749Z,historical_artifact_join,2026-06-16 23:17:58 UTC,2026-06-16 23:17:49 UTC,0.7,ok,0,7682077970,27654512239
8956,NTT都市開発リート投資法人,2026-06-17,本決算,2026-06-17 00:00:00 UTC,ok,MCTX-20260616T231749Z,historical_artifact_join,2026-06-16 23:17:58 UTC,2026-06-16 23:17:49 UTC,0.7,ok,0,7682077970,27654512239
3476,投資法人みらい,2026-06-17,本決算,2026-06-17 00:00:00 UTC,ok,MCTX-20260616T231749Z,historical_artifact_join,2026-06-16 23:17:58 UTC,2026-06-16 23:17:49 UTC,0.7,ok,0,7682077970,27654512239
3451,トーセイリート投資法人,2026-06-17,本決算,2026-06-17 00:00:00 UTC,ok,MCTX-20260616T231749Z,historical_artifact_join,2026-06-16 23:17:58 UTC,2026-06-16 23:17:49 UTC,0.7,ok,0,7682077970,27654512239
3544,サツドラHD,2026-06-17,本決算,2026-06-17 00:00:00 UTC,ok,MCTX-20260616T231749Z,historical_artifact_join,2026-06-16 23:17:58 UTC,2026-06-16 23:17:49 UTC,0.7,ok,0,7682077970,27654512239
6905,コーセル,2026-06-17,本決算,2026-06-17 00:00:00 UTC,ok,MCTX-20260616T231749Z,historical_artifact_join,2026-06-16 23:17:58 UTC,2026-06-16 23:17:49 UTC,0.7,ok,0,7682077970,27654512239
3333,あさひ,2026-06-22,1Q,2026-06-22 00:00:00 UTC,ok,MCTX-20260621T230048Z,historical_artifact_join,2026-06-21 23:00:59 UTC,2026-06-21 23:00:48 UTC,0.98,ok,3,7780144156,27920236309
8136,サンリオ,2026-06-23,本決算,2026-06-23 00:00:00 UTC,ok,MCTX-20260622T231213Z,historical_artifact_join,2026-06-22 23:12:25 UTC,2026-06-22 23:12:13 UTC,0.79,ok,0,7807309139,27990349778
2742,ハローズ,2026-06-24,1Q,2026-06-24 00:00:00 UTC,ok,MCTX-20260623T225952Z,historical_artifact_join,2026-06-23 23:00:01 UTC,2026-06-23 22:59:52 UTC,1.0,ok,0,7835682184,28062812449
9976,セキチュー,2026-06-24,1Q,2026-06-24 00:00:00 UTC,ok,MCTX-20260623T225952Z,historical_artifact_join,2026-06-23 23:00:01 UTC,2026-06-23 22:59:52 UTC,1.0,ok,0,7835682184,28062812449
4716,日本オラクル,2026-06-24,単本決算,2026-06-24 00:00:00 UTC,ok,MCTX-20260623T225952Z,historical_artifact_join,2026-06-23 23:00:01 UTC,2026-06-23 22:59:52 UTC,1.0,ok,0,7835682184,28062812449
2354,YE DIGIT,2026-06-24,連1Q,2026-06-24 00:00:00 UTC,ok,MCTX-20260623T225952Z,historical_artifact_join,2026-06-23 23:00:01 UTC,2026-06-23 22:59:52 UTC,1.0,ok,0,7835682184,28062812449
8276,平和堂,2026-06-25,1Q,2026-06-25 00:00:00 UTC,ok,MCTX-20260624T225903Z,historical_artifact_join,2026-06-24 22:59:13 UTC,2026-06-24 22:59:03 UTC,1.01,ok,0,7864529040,28135042558
2778,パレモ・ホールディングス,2026-06-26,1Q,2026-06-26 00:00:00 UTC,ok,MCTX-20260625T230755Z,historical_artifact_join,2026-06-25 23:08:04 UTC,2026-06-25 23:07:55 UTC,0.87,ok,0,7893105743,28206163575
3050,ＤＣＭホールディングス,2026-06-26,1Q,2026-06-26 00:00:00 UTC,ok,MCTX-20260625T230755Z,historical_artifact_join,2026-06-25 23:08:04 UTC,2026-06-25 23:07:55 UTC,0.87,ok,0,7893105743,28206163575
7545,西松屋チェーン,2026-06-26,1Q,2026-06-26 00:00:00 UTC,ok,MCTX-20260625T230755Z,historical_artifact_join,2026-06-25 23:08:04 UTC,2026-06-25 23:07:55 UTC,0.87,ok,0,7893105743,28206163575
7630,壱番屋,2026-06-26,1Q,2026-06-26 00:00:00 UTC,ok,MCTX-20260625T230755Z,historical_artifact_join,2026-06-25 23:08:04 UTC,2026-06-25 23:07:55 UTC,0.87,ok,0,7893105743,28206163575
8217,オークワ,2026-06-26,1Q,2026-06-26 00:00:00 UTC,ok,MCTX-20260625T230755Z,historical_artifact_join,2026-06-25 23:08:04 UTC,2026-06-25 23:07:55 UTC,0.87,ok,0,7893105743,28206163575
7624,ＮａＩＴＯ,2026-06-26,1Q,2026-06-26 00:00:00 UTC,ok,MCTX-20260625T230755Z,historical_artifact_join,2026-06-25 23:08:04 UTC,2026-06-25 23:07:55 UTC,0.87,ok,0,7893105743,28206163575
7447,ナガイレーベ,2026-06-29,3Q,2026-06-29 00:00:00 UTC,ok,MCTX-20260628T225435Z,historical_artifact_join,2026-06-28 22:54:44 UTC,2026-06-28 22:54:35 UTC,1.09,ok,2,7939431273,28338784647
7965,象印,2026-06-29,2Q,2026-06-29 00:00:00 UTC,ok,MCTX-20260628T225435Z,historical_artifact_join,2026-06-28 22:54:44 UTC,2026-06-28 22:54:35 UTC,1.09,ok,2,7939431273,28338784647
8227,しまむら,2026-06-29,1Q,2026-06-29 00:00:00 UTC,ok,MCTX-20260628T225435Z,historical_artifact_join,2026-06-28 22:54:44 UTC,2026-06-28 22:54:35 UTC,1.09,ok,2,7939431273,28338784647
6594,日本電産,2026-06-30,本決算,2026-06-30 00:00:00 UTC,ok,MCTX-20260629T224602Z,historical_artifact_join,2026-06-29 22:46:12 UTC,2026-06-29 22:46:02 UTC,1.23,ok,0,7966437375,28407677882
3086,Ｊ．フロント リテイリング,2026-06-30,1Q,2026-06-30 00:00:00 UTC,ok,MCTX-20260629T224602Z,historical_artifact_join,2026-06-29 22:46:12 UTC,2026-06-29 22:46:02 UTC,1.23,ok,0,7966437375,28407677882
8233,高島屋,2026-06-30,1Q,2026-06-30 00:00:00 UTC,ok,MCTX-20260629T224602Z,historical_artifact_join,2026-06-29 22:46:12 UTC,2026-06-29 22:46:02 UTC,1.23,ok,0,7966437375,28407677882
4088,エア・ウォーター,2026-06-30,1Q,2026-06-30 00:00:00 UTC,ok,MCTX-20260629T224602Z,historical_artifact_join,2026-06-29 22:46:12 UTC,2026-06-29 22:46:02 UTC,1.23,ok,0,7966437375,28407677882
2685,アンドエスティＨＤ,2026-06-30,1Q,2026-06-30 00:00:00 UTC,ok,MCTX-20260629T224602Z,historical_artifact_join,2026-06-29 22:46:12 UTC,2026-06-29 22:46:02 UTC,1.23,ok,0,7966437375,28407677882
2935,ピックルスＨＤ,2026-06-30,1Q,2026-06-30 00:00:00 UTC,ok,MCTX-20260629T224602Z,historical_artifact_join,2026-06-29 22:46:12 UTC,2026-06-29 22:46:02 UTC,1.23,ok,0,7966437375,28407677882
192A,インテＧ,2026-06-30,単本決算,2026-06-30 00:00:00 UTC,ok,MCTX-20260629T224602Z,historical_artifact_join,2026-06-29 22:46:12 UTC,2026-06-29 22:46:02 UTC,1.23,ok,0,7966437375,28407677882
…,…,2026-06-30,…,2026-06-30 00:00:00 UTC,ok,MCTX-20260629T224602Z,historical_artifact_join,2026-06-29 22:46:12 UTC,2026-06-29 22:46:02 UTC,1.23,ok,0,7966437375,28407677882
3035,ケイティケイ,2026-07-01,3Q,2026-07-01 00:00:00 UTC,ok,MCTX-20260630T230312Z,historical_artifact_join,2026-06-30 23:03:21 UTC,2026-06-30 23:03:12 UTC,0.94,ok,0,7995774501,28481484721
5942,日本フイルコン,2026-07-01,2Q,2026-07-01 00:00:00 UTC,ok,MCTX-20260630T230312Z,historical_artifact_join,2026-06-30 23:03:21 UTC,2026-06-30 23:03:12 UTC,0.94,ok,0,7995774501,28481484721
3549,クスリのアオキホールディングス,2026-07-02,本決算,2026-07-02 00:00:00 UTC,ok,MCTX-20260701T230232Z,historical_artifact_join,2026-07-01 23:02:43 UTC,2026-07-01 23:02:32 UTC,0.95,ok,0,8024727738,28553449520
9793,ダイセキ,2026-07-02,1Q,2026-07-02 00:00:00 UTC,ok,MCTX-20260701T230232Z,historical_artifact_join,2026-07-01 23:02:43 UTC,2026-07-01 23:02:32 UTC,0.95,ok,0,8024727738,28553449520
3612,ワールド,2026-07-03,1Q,2026-07-03 00:00:00 UTC,ok,MCTX-20260702T225650Z,historical_artifact_join,2026-07-02 22:57:02 UTC,2026-07-02 22:56:50 UTC,1.05,ok,0,8053632329,28626771800
9369,キユーソー流通システム,2026-07-03,2Q,2026-07-03 00:00:00 UTC,ok,MCTX-20260702T225650Z,historical_artifact_join,2026-07-02 22:57:02 UTC,2026-07-02 22:56:50 UTC,1.05,ok,0,8053632329,28626771800
3377,バイク王＆カンパニー,2026-07-03,2Q,2026-07-03 00:00:00 UTC,ok,MCTX-20260702T225650Z,historical_artifact_join,2026-07-02 22:57:02 UTC,2026-07-02 22:56:50 UTC,1.05,ok,0,8053632329,28626771800
1997,暁飯島工業,2026-07-03,3Q,2026-07-03 00:00:00 UTC,ok,MCTX-20260702T225650Z,historical_artifact_join,2026-07-02 22:57:02 UTC,2026-07-02 22:56:50 UTC,1.05,ok,0,8053632329,28626771800
4394,エクスモーション,2026-07-03,2Q,2026-07-03 00:00:00 UTC,ok,MCTX-20260702T225650Z,historical_artifact_join,2026-07-02 22:57:02 UTC,2026-07-02 22:56:50 UTC,1.05,ok,0,8053632329,28626771800
9872,北恵,2026-07-03,2Q,2026-07-03 00:00:00 UTC,ok,MCTX-20260702T225650Z,historical_artifact_join,2026-07-02 22:57:02 UTC,2026-07-02 22:56:50 UTC,1.05,ok,0,8053632329,28626771800
3815,メディア工房,2026-07-03,3Q,2026-07-03 00:00:00 UTC,ok,MCTX-20260702T225650Z,historical_artifact_join,2026-07-02 22:57:02 UTC,2026-07-02 22:56:50 UTC,1.05,ok,0,8053632329,28626771800
4361,川口化学工業,2026-07-03,2Q,2026-07-03 00:00:00 UTC,ok,MCTX-20260702T225650Z,historical_artifact_join,2026-07-02 22:57:02 UTC,2026-07-02 22:56:50 UTC,1.05,ok,0,8053632329,28626771800
2789,カルラ,2026-07-06,1Q,2026-07-06 00:00:00 UTC,ok,MCTX-20260705T225237Z,historical_artifact_join,2026-07-05 22:52:48 UTC,2026-07-05 22:52:37 UTC,1.12,ok,3,8096580927,28757663045
3186,ネクステージ,2026-07-06,2Q,2026-07-06 00:00:00 UTC,ok,MCTX-20260705T225237Z,historical_artifact_join,2026-07-05 22:52:48 UTC,2026-07-05 22:52:37 UTC,1.12,ok,3,8096580927,28757663045
3321,ミタチ産業,2026-07-06,本決算,2026-07-06 00:00:00 UTC,ok,MCTX-20260705T225237Z,historical_artifact_join,2026-07-05 22:52:48 UTC,2026-07-05 22:52:37 UTC,1.12,ok,3,8096580927,28757663045
6093,エスクロー・エージェント・ジャパン,2026-07-06,1Q,2026-07-06 00:00:00 UTC,ok,MCTX-20260705T225237Z,historical_artifact_join,2026-07-05 22:52:48 UTC,2026-07-05 22:52:37 UTC,1.12,ok,3,8096580927,28757663045
7679,薬王堂ホールディングス,2026-07-06,1Q,2026-07-06 00:00:00 UTC,ok,MCTX-20260705T225237Z,historical_artifact_join,2026-07-05 22:52:48 UTC,2026-07-05 22:52:37 UTC,1.12,ok,3,8096580927,28757663045
8923,トーセイ,2026-07-06,2Q,2026-07-06 00:00:00 UTC,ok,MCTX-20260705T225237Z,historical_artifact_join,2026-07-05 22:52:48 UTC,2026-07-05 22:52:37 UTC,1.12,ok,3,8096580927,28757663045
9558,ジャパニアス,2026-07-06,2Q,2026-07-06 00:00:00 UTC,ok,MCTX-20260705T225237Z,historical_artifact_join,2026-07-05 22:52:48 UTC,2026-07-05 22:52:37 UTC,1.12,ok,3,8096580927,28757663045
9972,アルテック,2026-07-06,2Q,2026-07-06 00:00:00 UTC,ok,MCTX-20260705T225237Z,historical_artifact_join,2026-07-05 22:52:48 UTC,2026-07-05 22:52:37 UTC,1.12,ok,3,8096580927,28757663045
5243,note,2026-07-07,2Q,2026-07-07 00:00:00 UTC,ok,MCTX-20260705T225237Z,historical_artifact_join,2026-07-05 22:52:48 UTC,2026-07-05 22:52:37 UTC,25.12,ok,3,8096580927,28757663045
6469,放電精密加工研究所,2026-07-07,本決算,2026-07-07 00:00:00 UTC,ok,MCTX-20260705T225237Z,historical_artifact_join,2026-07-05 22:52:48 UTC,2026-07-05 22:52:37 UTC,25.12,ok,3,8096580927,28757663045
9651,日本プロセス,2026-07-07,本決算,2026-07-07 00:00:00 UTC,ok,MCTX-20260705T225237Z,historical_artifact_join,2026-07-05 22:52:48 UTC,2026-07-05 22:52:37 UTC,25.12,ok,3,8096580927,28757663045
9740,セントラル警備保障,2026-07-07,1Q,2026-07-07 00:00:00 UTC,ok,MCTX-20260705T225237Z,historical_artifact_join,2026-07-05 22:52:48 UTC,2026-07-05 22:52:37 UTC,25.12,ok,3,8096580927,28757663045
2726,パルグループホールディングス,2026-07-07,1Q,2026-07-07 00:00:00 UTC,ok,MCTX-20260705T225237Z,historical_artifact_join,2026-07-05 22:52:48 UTC,2026-07-05 22:52:37 UTC,25.12,ok,3,8096580927,28757663045
2659,サンエー,2026-07-07,1Q,2026-07-07 00:00:00 UTC,ok,MCTX-20260705T225237Z,historical_artifact_join,2026-07-05 22:52:48 UTC,2026-07-05 22:52:37 UTC,25.12,ok,3,8096580927,28757663045
2734,サーラコーポレーション,2026-07-07,2Q,2026-07-07 00:00:00 UTC,ok,MCTX-20260705T225237Z,historical_artifact_join,2026-07-05 22:52:48 UTC,2026-07-05 22:52:37 UTC,25.12,ok,3,8096580927,28757663045
2918,わらべや日洋ホールディングス,2026-07-07,1Q,2026-07-07 00:00:00 UTC,ok,MCTX-20260705T225237Z,historical_artifact_join,2026-07-05 22:52:48 UTC,2026-07-05 22:52:37 UTC,25.12,ok,3,8096580927,28757663045
2670,エービーシー・マート,2026-07-08,1Q,2026-07-08 00:00:00 UTC,ok,MCTX-20260705T225237Z,historical_artifact_join,2026-07-05 22:52:48 UTC,2026-07-05 22:52:37 UTC,49.12,ok,3,8096580927,28757663045
3391,ツルハホールディングス,2026-07-08,1Q,2026-07-08 00:00:00 UTC,ok,MCTX-20260705T225237Z,historical_artifact_join,2026-07-05 22:52:48 UTC,2026-07-05 22:52:37 UTC,49.12,ok,3,8096580927,28757663045
9946,ミニストップ,2026-07-08,1Q,2026-07-08 00:00:00 UTC,ok,MCTX-20260705T225237Z,historical_artifact_join,2026-07-05 22:52:48 UTC,2026-07-05 22:52:37 UTC,49.12,ok,3,8096580927,28757663045
4829,日本エンタープライズ,2026-07-10,本決算,2026-07-10 00:00:00 UTC,ok,MCTX-20260709T225852Z,historical_artifact_join,2026-07-09 22:59:06 UTC,2026-07-09 22:58:52 UTC,1.01,ok,0,8213659699,29056069761
5982,マルゼン,2026-07-10,1Q,2026-07-10 00:00:00 UTC,ok,MCTX-20260709T225852Z,historical_artifact_join,2026-07-09 22:59:06 UTC,2026-07-09 22:58:52 UTC,1.01,ok,0,8213659699,29056069761
8198,マックスバリュ東海,2026-07-10,1Q,2026-07-10 00:00:00 UTC,ok,MCTX-20260709T225852Z,historical_artifact_join,2026-07-09 22:59:06 UTC,2026-07-09 22:58:52 UTC,1.01,ok,0,8213659699,29056069761
9313,丸八倉庫,2026-07-10,2Q,2026-07-10 00:00:00 UTC,ok,MCTX-20260709T225852Z,historical_artifact_join,2026-07-09 22:59:06 UTC,2026-07-09 22:58:52 UTC,1.01,ok,0,8213659699,29056069761
5900,ダイケン,2026-07-10,1Q,2026-07-10 00:00:00 UTC,ok,MCTX-20260709T225852Z,historical_artifact_join,2026-07-09 22:59:06 UTC,2026-07-09 22:58:52 UTC,1.01,ok,0,8213659699,29056069761
7928,旭化学工業,2026-07-10,3Q,2026-07-10 00:00:00 UTC,ok,MCTX-20260709T225852Z,historical_artifact_join,2026-07-09 22:59:06 UTC,2026-07-09 22:58:52 UTC,1.01,ok,0,8213659699,29056069761
4992,北興化学工業,2026-07-10,2Q,2026-07-10 00:00:00 UTC,ok,MCTX-20260709T225852Z,historical_artifact_join,2026-07-09 22:59:06 UTC,2026-07-09 22:58:52 UTC,1.01,ok,0,8213659699,29056069761
3280,エストラスト,2026-07-10,1Q,2026-07-10 00:00:00 UTC,ok,MCTX-20260709T225852Z,historical_artifact_join,2026-07-09 22:59:06 UTC,2026-07-09 22:58:52 UTC,1.01,ok,0,8213659699,29056069761
3349,コスモス薬品,2026-07-13,本決算,2026-07-13 00:00:00 UTC,ok,MCTX-20260712T223330Z,historical_artifact_join,2026-07-12 22:33:43 UTC,2026-07-12 22:33:30 UTC,1.44,ok,2,8265358475,29211754899
3994,マネーフォワード,2026-07-13,2Q,2026-07-13 00:00:00 UTC,ok,MCTX-20260712T223330Z,historical_artifact_join,2026-07-12 22:33:43 UTC,2026-07-12 22:33:30 UTC,1.44,ok,2,8265358475,29211754899
4443,Sansan,2026-07-13,本決算,2026-07-13 00:00:00 UTC,ok,MCTX-20260712T223330Z,historical_artifact_join,2026-07-12 22:33:43 UTC,2026-07-12 22:33:30 UTC,1.44,ok,2,8265358475,29211754899
3087,ドトール・日レスHD,2026-07-13,1Q,2026-07-13 00:00:00 UTC,ok,MCTX-20260712T223330Z,historical_artifact_join,2026-07-12 22:33:43 UTC,2026-07-12 22:33:30 UTC,1.44,ok,2,8265358475,29211754899
2338,クオンタムソリューションズ,2026-07-13,1Q,2026-07-13 00:00:00 UTC,ok,MCTX-20260712T223330Z,historical_artifact_join,2026-07-12 22:33:43 UTC,2026-07-12 22:33:30 UTC,1.44,ok,2,8265358475,29211754899
2305,スタジオアリス,2026-07-13,1Q,2026-07-13 00:00:00 UTC,ok,MCTX-20260712T223330Z,historical_artifact_join,2026-07-12 22:33:43 UTC,2026-07-12 22:33:30 UTC,1.44,ok,2,8265358475,29211754899
2462,ライク,2026-07-13,本決算,2026-07-13 00:00:00 UTC,ok,MCTX-20260712T223330Z,historical_artifact_join,2026-07-12 22:33:43 UTC,2026-07-12 22:33:30 UTC,1.44,ok,2,8265358475,29211754899
2736,フェスタリアHD,2026-07-13,3Q,2026-07-13 00:00:00 UTC,ok,MCTX-20260712T223330Z,historical_artifact_join,2026-07-12 22:33:43 UTC,2026-07-12 22:33:30 UTC,1.44,ok,2,8265358475,29211754899
3627,テクミラ,2026-07-14,1Q,2026-07-14 00:00:00 UTC,ok,MCTX-20260713T224036Z,historical_artifact_join,2026-07-13 22:40:50 UTC,2026-07-13 22:40:36 UTC,1.32,ok,0,8294897241,29290626434
365A,伊澤タオル,2026-07-14,1Q,2026-07-14 00:00:00 UTC,ok,MCTX-20260713T224036Z,historical_artifact_join,2026-07-13 22:40:50 UTC,2026-07-13 22:40:36 UTC,1.32,ok,0,8294897241,29290626434
3678,メディアドゥ,2026-07-14,1Q,2026-07-14 00:00:00 UTC,ok,MCTX-20260713T224036Z,historical_artifact_join,2026-07-13 22:40:50 UTC,2026-07-13 22:40:36 UTC,1.32,ok,0,8294897241,29290626434
3760,ケイブ,2026-07-14,本決算,2026-07-14 00:00:00 UTC,ok,MCTX-20260713T224036Z,historical_artifact_join,2026-07-13 22:40:50 UTC,2026-07-13 22:40:36 UTC,1.32,ok,0,8294897241,29290626434
3892,岡山製紙,2026-07-14,本決算,2026-07-14 00:00:00 UTC,ok,MCTX-20260713T224036Z,historical_artifact_join,2026-07-13 22:40:50 UTC,2026-07-13 22:40:36 UTC,1.32,ok,0,8294897241,29290626434
3967,エルテス,2026-07-14,1Q,2026-07-14 00:00:00 UTC,ok,MCTX-20260713T224036Z,historical_artifact_join,2026-07-13 22:40:50 UTC,2026-07-13 22:40:36 UTC,1.32,ok,0,8294897241,29290626434
3977,フュージョン,2026-07-14,1Q,2026-07-14 00:00:00 UTC,ok,MCTX-20260713T224036Z,historical_artifact_join,2026-07-13 22:40:50 UTC,2026-07-13 22:40:36 UTC,1.32,ok,0,8294897241,29290626434
3991,ウォンテッドリ,2026-07-14,3Q,2026-07-14 00:00:00 UTC,ok,MCTX-20260713T224036Z,historical_artifact_join,2026-07-13 22:40:50 UTC,2026-07-13 22:40:36 UTC,1.32,ok,0,8294897241,29290626434
1407,ウエストホールディングス,2026-07-15,3Q,2026-07-15 00:00:00 UTC,ok,MCTX-20260714T224219Z,historical_artifact_join,2026-07-14 22:42:33 UTC,2026-07-14 22:42:19 UTC,1.29,ok,0,8327112645,29373835800
1418,インターライフホールディングス,2026-07-15,1Q,2026-07-15 00:00:00 UTC,ok,MCTX-20260714T224219Z,historical_artifact_join,2026-07-14 22:42:33 UTC,2026-07-14 22:42:19 UTC,1.29,ok,0,8327112645,29373835800
1887,日本国土開発,2026-07-15,本決算,2026-07-15 00:00:00 UTC,ok,MCTX-20260714T224219Z,historical_artifact_join,2026-07-14 22:42:33 UTC,2026-07-14 22:42:19 UTC,1.29,ok,0,8327112645,29373835800
2168,パソナグループ,2026-07-15,本決算,2026-07-15 00:00:00 UTC,ok,MCTX-20260714T224219Z,historical_artifact_join,2026-07-14 22:42:33 UTC,2026-07-14 22:42:19 UTC,1.29,ok,0,8327112645,29373835800
277A,グロービング,2026-07-15,本決算,2026-07-15 00:00:00 UTC,ok,MCTX-20260714T224219Z,historical_artifact_join,2026-07-14 22:42:33 UTC,2026-07-14 22:42:19 UTC,1.29,ok,0,8327112645,29373835800
3791,ＩＧポート,2026-07-15,本決算,2026-07-15 00:00:00 UTC,ok,MCTX-20260714T224219Z,historical_artifact_join,2026-07-14 22:42:33 UTC,2026-07-14 22:42:19 UTC,1.29,ok,0,8327112645,29373835800
2337,いちご,2026-07-15,本決算,2026-07-15 00:00:00 UTC,ok,MCTX-20260714T224219Z,historical_artifact_join,2026-07-14 22:42:33 UTC,2026-07-14 22:42:19 UTC,1.29,ok,0,8327112645,29373835800
3201,ニッケ（日本毛織）,2026-07-15,本決算,2026-07-15 00:00:00 UTC,ok,MCTX-20260714T224219Z,historical_artifact_join,2026-07-14 22:42:33 UTC,2026-07-14 22:42:19 UTC,1.29,ok,0,8327112645,29373835800
5423,東京製鐵,2026-07-17,本決算,2026-07-17 00:00:00 UTC,ok,MCTX-20260716T224240Z,historical_artifact_join,2026-07-16 22:42:53 UTC,2026-07-16 22:42:40 UTC,1.29,ok,0,8392130507,29540308449
4929,アジュバンホールディングス,2026-07-17,本決算,2026-07-17 00:00:00 UTC,ok,MCTX-20260716T224240Z,historical_artifact_join,2026-07-16 22:42:53 UTC,2026-07-16 22:42:40 UTC,1.29,ok,0,8392130507,29540308449
2411,ゲンダイエージェンシー,2026-07-17,本決算,2026-07-17 00:00:00 UTC,ok,MCTX-20260716T224240Z,historical_artifact_join,2026-07-16 22:42:53 UTC,2026-07-16 22:42:40 UTC,1.29,ok,0,8392130507,29540308449
5933,アルインコ,2026-07-17,1Q,2026-07-17 00:00:00 UTC,ok,MCTX-20260716T224240Z,historical_artifact_join,2026-07-16 22:42:53 UTC,2026-07-16 22:42:40 UTC,1.29,ok,0,8392130507,29540308449
6200,インソース,2026-07-21,3Q,2026-07-21 00:00:00 UTC,ok,MCTX-20260720T224145Z,historical_artifact_join,2026-07-20 22:41:58 UTC,2026-07-20 22:41:45 UTC,1.3,ok,0,8478022130,29784772601
296A,令和アカウンティング・ホールディングス,2026-07-21,1Q,2026-07-21 00:00:00 UTC,ok,MCTX-20260720T224145Z,historical_artifact_join,2026-07-20 22:41:58 UTC,2026-07-20 22:41:45 UTC,1.3,ok,0,8478022130,29784772601
9629,ピー・シー・エー,2026-07-21,1Q,2026-07-21 00:00:00 UTC,ok,MCTX-20260720T224145Z,historical_artifact_join,2026-07-20 22:41:58 UTC,2026-07-20 22:41:45 UTC,1.3,ok,0,8478022130,29784772601
3091,ブロンコビリー,2026-07-22,中間期,2026-07-22 00:00:00 UTC,ok,MCTX-20260721T224006Z,historical_artifact_join,2026-07-21 22:40:22 UTC,2026-07-21 22:40:06 UTC,1.33,ok,0,8512469105,29874532774
4684,オービック,2026-07-22,1Q,2026-07-22 00:00:00 UTC,ok,MCTX-20260721T224006Z,historical_artifact_join,2026-07-21 22:40:22 UTC,2026-07-21 22:40:06 UTC,1.33,ok,0,8512469105,29874532774
4733,オービックビジネスコンサルタント,2026-07-22,1Q,2026-07-22 00:00:00 UTC,ok,MCTX-20260721T224006Z,historical_artifact_join,2026-07-21 22:40:22 UTC,2026-07-21 22:40:06 UTC,1.33,ok,0,8512469105,29874532774
5576,オービーシステム,2026-07-22,未取得,2026-07-22 00:00:00 UTC,ok,MCTX-20260721T224006Z,historical_artifact_join,2026-07-21 22:40:22 UTC,2026-07-21 22:40:06 UTC,1.33,ok,0,8512469105,29874532774
593A,ティアフォー,2026-07-22,IPO初値後,2026-07-22 00:00:00 UTC,ok,MCTX-20260721T224006Z,historical_artifact_join,2026-07-21 22:40:22 UTC,2026-07-21 22:40:06 UTC,1.33,ok,0,8512469105,29874532774
6146,ディスコ,2026-07-23,1Q,2026-07-23 00:00:00 UTC,ok,MCTX-20260722T224532Z,historical_artifact_join,2026-07-22 22:45:49 UTC,2026-07-22 22:45:32 UTC,1.24,ok,0,8547086368,29963932902
6999,KOA,2026-07-23,1Q,2026-07-23 00:00:00 UTC,ok,MCTX-20260722T224532Z,historical_artifact_join,2026-07-22 22:45:49 UTC,2026-07-22 22:45:32 UTC,1.24,ok,0,8547086368,29963932902
7931,未来工業,2026-07-23,1Q,2026-07-23 00:00:00 UTC,ok,MCTX-20260722T224532Z,historical_artifact_join,2026-07-22 22:45:49 UTC,2026-07-22 22:45:32 UTC,1.24,ok,0,8547086368,29963932902
7970,信越ポリマー,2026-07-23,1Q,2026-07-23 00:00:00 UTC,ok,MCTX-20260722T224532Z,historical_artifact_join,2026-07-22 22:45:49 UTC,2026-07-22 22:45:32 UTC,1.24,ok,0,8547086368,29963932902
9733,ナガセ,2026-07-23,1Q,2026-07-23 00:00:00 UTC,ok,MCTX-20260722T224532Z,historical_artifact_join,2026-07-22 22:45:49 UTC,2026-07-22 22:45:32 UTC,1.24,ok,0,8547086368,29963932902
9478,SEホールディングス・アンド・インキュベーションズ,2026-07-23,1Q,2026-07-23 00:00:00 UTC,ok,MCTX-20260722T224532Z,historical_artifact_join,2026-07-22 22:45:49 UTC,2026-07-22 22:45:32 UTC,1.24,ok,0,8547086368,29963932902
2268,B‑R サーティワン アイスクリーム,2026-07-23,2Q,2026-07-23 00:00:00 UTC,ok,MCTX-20260722T224532Z,historical_artifact_join,2026-07-22 22:45:49 UTC,2026-07-22 22:45:32 UTC,1.24,ok,0,8547086368,29963932902
4063,信越化学工業,2026-07-24,1Q,2026-07-24 00:00:00 UTC,ok,MCTX-20260723T224147Z,historical_artifact_join,2026-07-23 22:42:05 UTC,2026-07-23 22:41:47 UTC,1.3,ok,0,8580912840,30050747509
4519,中外製薬,2026-07-24,2Q,2026-07-24 00:00:00 UTC,ok,MCTX-20260723T224147Z,historical_artifact_join,2026-07-23 22:42:05 UTC,2026-07-23 22:41:47 UTC,1.3,ok,0,8580912840,30050747509
8060,キヤノンマーケティングジャパン,2026-07-24,2Q,2026-07-24 00:00:00 UTC,ok,MCTX-20260723T224147Z,historical_artifact_join,2026-07-23 22:42:05 UTC,2026-07-23 22:41:47 UTC,1.3,ok,0,8580912840,30050747509
8595,ジャフコ グループ,2026-07-24,1Q,2026-07-24 00:00:00 UTC,ok,MCTX-20260723T224147Z,historical_artifact_join,2026-07-23 22:42:05 UTC,2026-07-23 22:41:47 UTC,1.3,ok,0,8580912840,30050747509
3912,モバイルファクトリー,2026-07-24,2Q,2026-07-24 00:00:00 UTC,ok,MCTX-20260723T224147Z,historical_artifact_join,2026-07-23 22:42:05 UTC,2026-07-23 22:41:47 UTC,1.3,ok,0,8580912840,30050747509
1964,中外炉工業,2026-07-24,1Q,2026-07-24 00:00:00 UTC,ok,MCTX-20260723T224147Z,historical_artifact_join,2026-07-23 22:42:05 UTC,2026-07-23 22:41:47 UTC,1.3,ok,0,8580912840,30050747509
5279,日本興業,2026-07-24,1Q,2026-07-24 00:00:00 UTC,ok,MCTX-20260723T224147Z,historical_artifact_join,2026-07-23 22:42:05 UTC,2026-07-23 22:41:47 UTC,1.3,ok,0,8580912840,30050747509
5659,日本精線,2026-07-24,1Q,2026-07-24 00:00:00 UTC,ok,MCTX-20260723T224147Z,historical_artifact_join,2026-07-23 22:42:05 UTC,2026-07-23 22:41:47 UTC,1.3,ok,0,8580912840,30050747509
2767,円谷フィールズホールディングス,2026-07-27,1Q,2026-07-27 00:00:00 UTC,ok,MCTX-20260726T224437Z,historical_artifact_join,2026-07-26 22:44:51 UTC,2026-07-26 22:44:37 UTC,1.25,ok,3,8637972865,30223739178
6861,キーエンス,2026-07-28,1Q,2026-07-28 00:00:00 UTC,ok,MCTX-20260727T224513Z,historical_artifact_join,2026-07-27 22:45:26 UTC,2026-07-27 22:45:13 UTC,1.24,ok,0,8670659136,30311811155
7735,SCREENホールディングス,2026-07-28,1Q,2026-07-28 00:00:00 UTC,ok,MCTX-20260727T224513Z,historical_artifact_join,2026-07-27 22:45:26 UTC,2026-07-27 22:45:13 UTC,1.24,ok,0,8670659136,30311811155
8697,日本取引所グループ,2026-07-28,1Q,2026-07-28 00:00:00 UTC,ok,MCTX-20260727T224513Z,historical_artifact_join,2026-07-27 22:45:26 UTC,2026-07-27 22:45:13 UTC,1.24,ok,0,8670659136,30311811155
6988,日東電工,2026-07-28,1Q,2026-07-28 00:00:00 UTC,ok,MCTX-20260727T224513Z,historical_artifact_join,2026-07-27 22:45:26 UTC,2026-07-27 22:45:13 UTC,1.24,ok,0,8670659136,30311811155
9697,カプコン,2026-07-28,1Q,2026-07-28 00:00:00 UTC,ok,MCTX-20260727T224513Z,historical_artifact_join,2026-07-27 22:45:26 UTC,2026-07-27 22:45:13 UTC,1.24,ok,0,8670659136,30311811155
7309,シマノ,2026-07-28,2Q,2026-07-28 00:00:00 UTC,ok,MCTX-20260727T224513Z,historical_artifact_join,2026-07-27 22:45:26 UTC,2026-07-27 22:45:13 UTC,1.24,ok,0,8670659136,30311811155
3003,ヒューリック,2026-07-28,2Q,2026-07-28 00:00:00 UTC,ok,MCTX-20260727T224513Z,historical_artifact_join,2026-07-27 22:45:26 UTC,2026-07-27 22:45:13 UTC,1.24,ok,0,8670659136,30311811155
5471,大同特殊鋼,2026-07-28,1Q,2026-07-28 00:00:00 UTC,ok,MCTX-20260727T224513Z,historical_artifact_join,2026-07-27 22:45:26 UTC,2026-07-27 22:45:13 UTC,1.24,ok,0,8670659136,30311811155
1850,南海辰村建設,2026-07-29,1Q,2026-07-29 00:00:00 UTC,ok,MCTX-20260728T224453Z,historical_artifact_join,2026-07-28 22:45:09 UTC,2026-07-28 22:44:53 UTC,1.25,ok,0,8706426595,30405651908
3839,ＯＤＫソリューションズ,2026-07-29,1Q,2026-07-29 00:00:00 UTC,ok,MCTX-20260728T224453Z,historical_artifact_join,2026-07-28 22:45:09 UTC,2026-07-28 22:44:53 UTC,1.25,ok,0,8706426595,30405651908
3850,エヌ・ティ・ティ・データ・イントラマート,2026-07-29,1Q,2026-07-29 00:00:00 UTC,ok,MCTX-20260728T224453Z,historical_artifact_join,2026-07-28 22:45:09 UTC,2026-07-28 22:44:53 UTC,1.25,ok,0,8706426595,30405651908
3969,エイトレッド,2026-07-29,1Q,2026-07-29 00:00:00 UTC,ok,MCTX-20260728T224453Z,historical_artifact_join,2026-07-28 22:45:09 UTC,2026-07-28 22:44:53 UTC,1.25,ok,0,8706426595,30405651908
5609,日本鋳造,2026-07-29,1Q,2026-07-29 00:00:00 UTC,ok,MCTX-20260728T224453Z,historical_artifact_join,2026-07-28 22:45:09 UTC,2026-07-28 22:44:53 UTC,1.25,ok,0,8706426595,30405651908
5906,エムケー精工,2026-07-29,1Q,2026-07-29 00:00:00 UTC,ok,MCTX-20260728T224453Z,historical_artifact_join,2026-07-28 22:45:09 UTC,2026-07-28 22:44:53 UTC,1.25,ok,0,8706426595,30405651908
6161,エスティック,2026-07-29,1Q,2026-07-29 00:00:00 UTC,ok,MCTX-20260728T224453Z,historical_artifact_join,2026-07-28 22:45:09 UTC,2026-07-28 22:44:53 UTC,1.25,ok,0,8706426595,30405651908
8572,アコム,2026-07-29,1Q,2026-07-29 00:00:00 UTC,ok,MCTX-20260728T224453Z,historical_artifact_join,2026-07-28 22:45:09 UTC,2026-07-28 22:44:53 UTC,1.25,ok,0,8706426595,30405651908
7981,タカラスタンダード,2026-07-30,1Q,2026-07-30 00:00:00 UTC,ok,MCTX-20260729T224251Z,historical_artifact_join,2026-07-29 22:43:08 UTC,2026-07-29 22:42:51 UTC,1.28,ok,0,8742017416,30497076075
8285,三谷産業,2026-07-30,1Q,2026-07-30 00:00:00 UTC,ok,MCTX-20260729T224251Z,historical_artifact_join,2026-07-29 22:43:08 UTC,2026-07-29 22:42:51 UTC,1.28,ok,0,8742017416,30497076075
8336,武蔵野銀行,2026-07-30,1Q,2026-07-30 00:00:00 UTC,ok,MCTX-20260729T224251Z,historical_artifact_join,2026-07-29 22:43:08 UTC,2026-07-29 22:42:51 UTC,1.28,ok,0,8742017416,30497076075
6702,富士通,2026-07-30,1Q,2026-07-30 00:00:00 UTC,ok,MCTX-20260729T224251Z,historical_artifact_join,2026-07-29 22:43:08 UTC,2026-07-29 22:42:51 UTC,1.28,ok,0,8742017416,30497076075
6703,OKI (沖電気),2026-07-30,1Q,2026-07-30 00:00:00 UTC,ok,MCTX-20260729T224251Z,historical_artifact_join,2026-07-29 22:43:08 UTC,2026-07-29 22:42:51 UTC,1.28,ok,0,8742017416,30497076075
6923,スタンレ電気,2026-07-30,1Q,2026-07-30 00:00:00 UTC,ok,MCTX-20260729T224251Z,historical_artifact_join,2026-07-29 22:43:08 UTC,2026-07-29 22:42:51 UTC,1.28,ok,0,8742017416,30497076075
7283,愛三工業,2026-07-30,1Q,2026-07-30 00:00:00 UTC,ok,MCTX-20260729T224251Z,historical_artifact_join,2026-07-29 22:43:08 UTC,2026-07-29 22:42:51 UTC,1.28,ok,0,8742017416,30497076075
9766,コナミグループ,2026-07-30,1Q,2026-07-30 00:00:00 UTC,ok,MCTX-20260729T224251Z,historical_artifact_join,2026-07-29 22:43:08 UTC,2026-07-29 22:42:51 UTC,1.28,ok,0,8742017416,30497076075
6758,ソニーグループ,2026-07-31,1Q,2026-07-31 00:00:00 UTC,ok,MCTX-20260730T225023Z,historical_artifact_join,2026-07-30 22:50:35 UTC,2026-07-30 22:50:23 UTC,1.16,ok,0,8777447162,30588502761
8316,三井住友フィナンシャルグループ,2026-07-31,1Q,2026-07-31 00:00:00 UTC,ok,MCTX-20260730T225023Z,historical_artifact_join,2026-07-30 22:50:35 UTC,2026-07-30 22:50:23 UTC,1.16,ok,0,8777447162,30588502761
6981,村田製作所,2026-07-31,1Q,2026-07-31 00:00:00 UTC,ok,MCTX-20260730T225023Z,historical_artifact_join,2026-07-30 22:50:35 UTC,2026-07-30 22:50:23 UTC,1.16,ok,0,8777447162,30588502761
6503,三菱電機,2026-07-31,1Q,2026-07-31 00:00:00 UTC,ok,MCTX-20260730T225023Z,historical_artifact_join,2026-07-30 22:50:35 UTC,2026-07-30 22:50:23 UTC,1.16,ok,0,8777447162,30588502761
7741,HOYA,2026-07-31,1Q,2026-07-31 00:00:00 UTC,ok,MCTX-20260730T225023Z,historical_artifact_join,2026-07-30 22:50:35 UTC,2026-07-30 22:50:23 UTC,1.16,ok,0,8777447162,30588502761
5802,住友電気工業,2026-07-31,1Q,2026-07-31 00:00:00 UTC,ok,MCTX-20260730T225023Z,historical_artifact_join,2026-07-30 22:50:35 UTC,2026-07-30 22:50:23 UTC,1.16,ok,0,8777447162,30588502761
6954,ファナック,2026-07-31,1Q,2026-07-31 00:00:00 UTC,ok,MCTX-20260730T225023Z,historical_artifact_join,2026-07-30 22:50:35 UTC,2026-07-30 22:50:23 UTC,1.16,ok,0,8777447162,30588502761
285A,キオクシアホールディングス,2026-07-31,1Q,2026-07-31 00:00:00 UTC,ok,MCTX-20260730T225023Z,historical_artifact_join,2026-07-30 22:50:35 UTC,2026-07-30 22:50:23 UTC,1.16,ok,0,8777447162,30588502761
8306,三菱UFJフィナンシャル・グループ,2026-08-03,1Q,2026-08-03 00:00:00 UTC,ok,MCTX-20260802T224118Z,historical_artifact_join,2026-08-02 22:41:33 UTC,2026-08-02 22:41:18 UTC,1.31,ok,2,8840406328,30770638720
8001,伊藤忠商事,2026-08-03,1Q,2026-08-03 00:00:00 UTC,ok,MCTX-20260802T224118Z,historical_artifact_join,2026-08-02 22:41:33 UTC,2026-08-02 22:41:18 UTC,1.31,ok,2,8840406328,30770638720
8058,三菱商事,2026-08-03,1Q,2026-08-03 00:00:00 UTC,ok,MCTX-20260802T224118Z,historical_artifact_join,2026-08-02 22:41:33 UTC,2026-08-02 22:41:18 UTC,1.31,ok,2,8840406328,30770638720
8002,丸紅,2026-08-03,1Q,2026-08-03 00:00:00 UTC,ok,MCTX-20260802T224118Z,historical_artifact_join,2026-08-02 22:41:33 UTC,2026-08-02 22:41:18 UTC,1.31,ok,2,8840406328,30770638720
4689,LINEヤフー,2026-08-03,1Q,2026-08-03 00:00:00 UTC,ok,MCTX-20260802T224118Z,historical_artifact_join,2026-08-02 22:41:33 UTC,2026-08-02 22:41:18 UTC,1.31,ok,2,8840406328,30770638720
8601,大和証券グループ本社,2026-08-03,1Q,2026-08-03 00:00:00 UTC,ok,MCTX-20260802T224118Z,historical_artifact_join,2026-08-02 22:41:33 UTC,2026-08-02 22:41:18 UTC,1.31,ok,2,8840406328,30770638720
4507,塩野義製薬,2026-08-03,1Q,2026-08-03 00:00:00 UTC,ok,MCTX-20260802T224118Z,historical_artifact_join,2026-08-02 22:41:33 UTC,2026-08-02 22:41:18 UTC,1.31,ok,2,8840406328,30770638720
7189,西日本フィナンシャルホールディングス,2026-08-03,本決算または四半期（銀行業）,2026-08-03 00:00:00 UTC,ok,MCTX-20260802T224118Z,historical_artifact_join,2026-08-02 22:41:33 UTC,2026-08-02 22:41:18 UTC,1.31,ok,2,8840406328,30770638720
8031,三井物産,2026-08-04,1Q,2026-08-04 00:00:00 UTC,ok,MCTX-20260803T224358Z,historical_artifact_join,2026-08-03 22:44:12 UTC,2026-08-03 22:43:58 UTC,1.26,ok,0,8873866727,30859728891
7203,トヨタ自動車,2026-08-04,1Q,2026-08-04 00:00:00 UTC,ok,MCTX-20260803T224358Z,historical_artifact_join,2026-08-03 22:44:12 UTC,2026-08-03 22:43:58 UTC,1.26,ok,0,8873866727,30859728891
2897,日清食品ホールディングス,2026-08-04,1Q,2026-08-04 00:00:00 UTC,ok,MCTX-20260803T224358Z,historical_artifact_join,2026-08-03 22:44:12 UTC,2026-08-03 22:43:58 UTC,1.26,ok,0,8873866727,30859728891
34010,帝人,2026-08-04,1Q,2026-08-04 00:00:00 UTC,ok,MCTX-20260803T224358Z,historical_artifact_join,2026-08-03 22:44:12 UTC,2026-08-03 22:43:58 UTC,1.26,ok,0,8873866727,30859728891
80310,三井物産（Duplicate）,2026-08-04,1Q,2026-08-04 00:00:00 UTC,ok,MCTX-20260803T224358Z,historical_artifact_join,2026-08-03 22:44:12 UTC,2026-08-03 22:43:58 UTC,1.26,ok,0,8873866727,30859728891
52010,AGC,2026-08-04,2Q,2026-08-04 00:00:00 UTC,ok,MCTX-20260803T224358Z,historical_artifact_join,2026-08-03 22:44:12 UTC,2026-08-03 22:43:58 UTC,1.26,ok,0,8873866727,30859728891
64400,JUKI,2026-08-04,2Q,2026-08-04 00:00:00 UTC,ok,MCTX-20260803T224358Z,historical_artifact_join,2026-08-03 22:44:12 UTC,2026-08-03 22:43:58 UTC,1.26,ok,0,8873866727,30859728891
67410,日本信号,2026-08-04,1Q,2026-08-04 00:00:00 UTC,ok,MCTX-20260803T224358Z,historical_artifact_join,2026-08-03 22:44:12 UTC,2026-08-03 22:43:58 UTC,1.26,ok,0,8873866727,30859728891
80310_dup,—,2026-08-04,—,2026-08-04 00:00:00 UTC,ok,MCTX-20260803T224358Z,historical_artifact_join,2026-08-03 22:44:12 UTC,2026-08-03 22:43:58 UTC,1.26,ok,0,8873866727,30859728891
4503,アステラス製薬,2026-08-05,1Q,2026-08-05 00:00:00 UTC,ok,MCTX-20260804T224741Z,historical_artifact_join,2026-08-04 22:47:57 UTC,2026-08-04 22:47:41 UTC,1.2,ok,0,8911705950,30957689674
7269,スズキ,2026-08-05,1Q,2026-08-05 00:00:00 UTC,ok,MCTX-20260804T224741Z,historical_artifact_join,2026-08-04 22:47:57 UTC,2026-08-04 22:47:41 UTC,1.2,ok,0,8911705950,30957689674
7013,IHI,2026-08-05,1Q,2026-08-05 00:00:00 UTC,ok,MCTX-20260804T224741Z,historical_artifact_join,2026-08-04 22:47:57 UTC,2026-08-04 22:47:41 UTC,1.2,ok,0,8911705950,30957689674
1812,鹿島建設,2026-08-05,1Q,2026-08-05 00:00:00 UTC,ok,MCTX-20260804T224741Z,historical_artifact_join,2026-08-04 22:47:57 UTC,2026-08-04 22:47:41 UTC,1.2,ok,0,8911705950,30957689674
7186,横浜FG,2026-08-05,1Q,2026-08-05 00:00:00 UTC,ok,MCTX-20260804T224741Z,historical_artifact_join,2026-08-04 22:47:57 UTC,2026-08-04 22:47:41 UTC,1.2,ok,0,8911705950,30957689674
7270,スバル,2026-08-05,1Q,2026-08-05 00:00:00 UTC,ok,MCTX-20260804T224741Z,historical_artifact_join,2026-08-04 22:47:57 UTC,2026-08-04 22:47:41 UTC,1.2,ok,0,8911705950,30957689674
8113,ユニ・チャーム,2026-08-05,1Q,2026-08-05 00:00:00 UTC,ok,MCTX-20260804T224741Z,historical_artifact_join,2026-08-04 22:47:57 UTC,2026-08-04 22:47:41 UTC,1.2,ok,0,8911705950,30957689674
6963,ローム,2026-08-05,1Q,2026-08-05 00:00:00 UTC,ok,MCTX-20260804T224741Z,historical_artifact_join,2026-08-04 22:47:57 UTC,2026-08-04 22:47:41 UTC,1.2,ok,0,8911705950,30957689674
9984,ソフトバンクグループ,2026-08-06,1Q,2026-08-06 00:00:00 UTC,ok,MCTX-20260805T224447Z,historical_artifact_join,2026-08-05 22:45:04 UTC,2026-08-05 22:44:47 UTC,1.25,ok,0,8949491882,31053877137
9432,ＮＴＴ,2026-08-06,1Q,2026-08-06 00:00:00 UTC,ok,MCTX-20260805T224447Z,historical_artifact_join,2026-08-05 22:45:04 UTC,2026-08-05 22:44:47 UTC,1.25,ok,0,8949491882,31053877137
7974,任天堂,2026-08-06,1Q,2026-08-06 00:00:00 UTC,ok,MCTX-20260805T224447Z,historical_artifact_join,2026-08-05 22:45:04 UTC,2026-08-05 22:44:47 UTC,1.25,ok,0,8949491882,31053877137
8591,オリックス,2026-08-06,1Q,2026-08-06 00:00:00 UTC,ok,MCTX-20260805T224447Z,historical_artifact_join,2026-08-05 22:45:04 UTC,2026-08-05 22:44:47 UTC,1.25,ok,0,8949491882,31053877137
2802,味の素,2026-08-06,1Q,2026-08-06 00:00:00 UTC,ok,MCTX-20260805T224447Z,historical_artifact_join,2026-08-05 22:45:04 UTC,2026-08-05 22:44:47 UTC,1.25,ok,0,8949491882,31053877137
6845,アズビル,2026-08-06,1Q,2026-08-06 00:00:00 UTC,ok,MCTX-20260805T224447Z,historical_artifact_join,2026-08-05 22:45:04 UTC,2026-08-05 22:44:47 UTC,1.25,ok,0,8949491882,31053877137
6113,アマダ,2026-08-06,1Q,2026-08-06 00:00:00 UTC,ok,MCTX-20260805T224447Z,historical_artifact_join,2026-08-05 22:45:04 UTC,2026-08-05 22:44:47 UTC,1.25,ok,0,8949491882,31053877137
6965,浜松ホトニクス,2026-08-06,1Q,2026-08-06 00:00:00 UTC,ok,MCTX-20260805T224447Z,historical_artifact_join,2026-08-05 22:45:04 UTC,2026-08-05 22:44:47 UTC,1.25,ok,0,8949491882,31053877137
6098,リクルートホールディングス,2026-08-07,1Q,2026-08-07 00:00:00 UTC,ok,MCTX-20260805T224447Z,historical_artifact_join,2026-08-05 22:45:04 UTC,2026-08-05 22:44:47 UTC,25.25,ok,0,8949491882,31053877137
7182,ゆうちょ銀行,2026-08-07,1Q,2026-08-07 00:00:00 UTC,ok,MCTX-20260805T224447Z,historical_artifact_join,2026-08-05 22:45:04 UTC,2026-08-05 22:44:47 UTC,25.25,ok,0,8949491882,31053877137
9433,KDDI,2026-08-07,1Q,2026-08-07 00:00:00 UTC,ok,MCTX-20260805T224447Z,historical_artifact_join,2026-08-05 22:45:04 UTC,2026-08-05 22:44:47 UTC,25.25,ok,0,8949491882,31053877137
5803,フジクラ,2026-08-07,1Q,2026-08-07 00:00:00 UTC,ok,MCTX-20260805T224447Z,historical_artifact_join,2026-08-05 22:45:04 UTC,2026-08-05 22:44:47 UTC,25.25,ok,0,8949491882,31053877137
6178,日本郵政,2026-08-07,1Q,2026-08-07 00:00:00 UTC,ok,MCTX-20260805T224447Z,historical_artifact_join,2026-08-05 22:45:04 UTC,2026-08-05 22:44:47 UTC,25.25,ok,0,8949491882,31053877137
8104,クワザワホールディングス,2026-08-07,1Q,2026-08-07 00:00:00 UTC,ok,MCTX-20260805T224447Z,historical_artifact_join,2026-08-05 22:45:04 UTC,2026-08-05 22:44:47 UTC,25.25,ok,0,8949491882,31053877137
9470,学研ホールディングス,2026-08-07,3Q,2026-08-07 00:00:00 UTC,ok,MCTX-20260805T224447Z,historical_artifact_join,2026-08-05 22:45:04 UTC,2026-08-05 22:44:47 UTC,25.25,ok,0,8949491882,31053877137
2871,ニチレイ,2026-08-07,1Q,2026-08-07 00:00:00 UTC,ok,MCTX-20260805T224447Z,historical_artifact_join,2026-08-05 22:45:04 UTC,2026-08-05 22:44:47 UTC,25.25,ok,0,8949491882,31053877137
4755,楽天グループ,2026-08-10,1Q,2026-08-10 00:00:00 UTC,ok,MCTX-20260809T221343Z,historical_artifact_join,2026-08-09 22:13:57 UTC,2026-08-09 22:13:43 UTC,1.77,ok,2,9045171858,31338849818
8136,サンリオ,2026-08-10,本決算,2026-08-10 00:00:00 UTC,ok,MCTX-20260809T221343Z,historical_artifact_join,2026-08-09 22:13:57 UTC,2026-08-09 22:13:43 UTC,1.77,ok,2,9045171858,31338849818
5713,住友金属鉱山,2026-08-10,1Q,2026-08-10 00:00:00 UTC,ok,MCTX-20260809T221343Z,historical_artifact_join,2026-08-09 22:13:57 UTC,2026-08-09 22:13:43 UTC,1.77,ok,2,9045171858,31338849818
5101,横浜ゴム,2026-08-10,1Q,2026-08-10 00:00:00 UTC,ok,MCTX-20260809T221343Z,historical_artifact_join,2026-08-09 22:13:57 UTC,2026-08-09 22:13:43 UTC,1.77,ok,2,9045171858,31338849818
3088,マツキヨココカラ＆カンパニー,2026-08-10,1Q,2026-08-10 00:00:00 UTC,ok,MCTX-20260809T221343Z,historical_artifact_join,2026-08-09 22:13:57 UTC,2026-08-09 22:13:43 UTC,1.77,ok,2,9045171858,31338849818
9684,スクウェア・エニックス・ホールディングス,2026-08-10,1Q,2026-08-10 00:00:00 UTC,ok,MCTX-20260809T221343Z,historical_artifact_join,2026-08-09 22:13:57 UTC,2026-08-09 22:13:43 UTC,1.77,ok,2,9045171858,31338849818
9041,近鉄グループホールディングス,2026-08-10,1Q,2026-08-10 00:00:00 UTC,ok,MCTX-20260809T221343Z,historical_artifact_join,2026-08-09 22:13:57 UTC,2026-08-09 22:13:43 UTC,1.77,ok,2,9045171858,31338849818
4631,DIC,2026-08-10,本決算,2026-08-10 00:00:00 UTC,ok,MCTX-20260809T221343Z,historical_artifact_join,2026-08-09 22:13:57 UTC,2026-08-09 22:13:43 UTC,1.77,ok,2,9045171858,31338849818
3556,リネットジャパングループ,2026-08-12,3Q,2026-08-12 00:00:00 UTC,ok,MCTX-20260811T222631Z,historical_artifact_join,2026-08-11 22:26:47 UTC,2026-08-11 22:26:31 UTC,1.55,ok,0,9121181141,31542400591
3551,ダイニック,2026-08-12,1Q,2026-08-12 00:00:00 UTC,ok,MCTX-20260811T222631Z,historical_artifact_join,2026-08-11 22:26:47 UTC,2026-08-11 22:26:31 UTC,1.55,ok,0,9121181141,31542400591
3040,ソリトンシステムズ,2026-08-12,2Q,2026-08-12 00:00:00 UTC,ok,MCTX-20260811T222631Z,historical_artifact_join,2026-08-11 22:26:47 UTC,2026-08-11 22:26:31 UTC,1.55,ok,0,9121181141,31542400591
3787,テクノマセマティカル,2026-08-12,1Q,2026-08-12 00:00:00 UTC,ok,MCTX-20260811T222631Z,historical_artifact_join,2026-08-11 22:26:47 UTC,2026-08-11 22:26:31 UTC,1.55,ok,0,9121181141,31542400591
4099,四国化成ホールディングス,2026-08-12,2Q,2026-08-12 00:00:00 UTC,ok,MCTX-20260811T222631Z,historical_artifact_join,2026-08-11 22:26:47 UTC,2026-08-11 22:26:31 UTC,1.55,ok,0,9121181141,31542400591
4172,Hiクラテス,2026-08-12,3Q,2026-08-12 00:00:00 UTC,ok,MCTX-20260811T222631Z,historical_artifact_join,2026-08-11 22:26:47 UTC,2026-08-11 22:26:31 UTC,1.55,ok,0,9121181141,31542400591
4595,ミズホメディー,2026-08-12,2Q,2026-08-12 00:00:00 UTC,ok,MCTX-20260811T222631Z,historical_artifact_join,2026-08-11 22:26:47 UTC,2026-08-11 22:26:31 UTC,1.55,ok,0,9121181141,31542400591
6059,ウチヤマホールディングス,2026-08-12,1Q,2026-08-12 00:00:00 UTC,ok,MCTX-20260811T222631Z,historical_artifact_join,2026-08-11 22:26:47 UTC,2026-08-11 22:26:31 UTC,1.55,ok,0,9121181141,31542400591
3659,ネクソン,2026-08-13,本決算,2026-08-13 00:00:00 UTC,ok,MCTX-20260812T222550Z,historical_artifact_join,2026-08-12 22:26:08 UTC,2026-08-12 22:25:50 UTC,1.56,ok,0,9161073764,31646880784
9435,光通信,2026-08-13,本決算,2026-08-13 00:00:00 UTC,ok,MCTX-20260812T222550Z,historical_artifact_join,2026-08-12 22:26:08 UTC,2026-08-12 22:25:50 UTC,1.56,ok,0,9161073764,31646880784
3099,三越伊勢丹ホールディングス,2026-08-13,本決算,2026-08-13 00:00:00 UTC,ok,MCTX-20260812T222550Z,historical_artifact_join,2026-08-12 22:26:08 UTC,2026-08-12 22:25:50 UTC,1.56,ok,0,9161073764,31646880784
4704,トレンドマイクロ,2026-08-13,本決算,2026-08-13 00:00:00 UTC,ok,MCTX-20260812T222550Z,historical_artifact_join,2026-08-12 22:26:08 UTC,2026-08-12 22:25:50 UTC,1.56,ok,0,9161073764,31646880784
3197,すかいらーくホールディングス,2026-08-13,本決算,2026-08-13 00:00:00 UTC,ok,MCTX-20260812T222550Z,historical_artifact_join,2026-08-12 22:26:08 UTC,2026-08-12 22:25:50 UTC,1.56,ok,0,9161073764,31646880784
9468,KADOKAWA,2026-08-13,本決算,2026-08-13 00:00:00 UTC,ok,MCTX-20260812T222550Z,historical_artifact_join,2026-08-12 22:26:08 UTC,2026-08-12 22:25:50 UTC,1.56,ok,0,9161073764,31646880784
4118,カネカ,2026-08-13,本決算,2026-08-13 00:00:00 UTC,ok,MCTX-20260812T222550Z,historical_artifact_join,2026-08-12 22:26:08 UTC,2026-08-12 22:25:50 UTC,1.56,ok,0,9161073764,31646880784
6750,エレコム,2026-08-13,本決算,2026-08-13 00:00:00 UTC,ok,MCTX-20260812T222550Z,historical_artifact_join,2026-08-12 22:26:08 UTC,2026-08-12 22:25:50 UTC,1.56,ok,0,9161073764,31646880784
8725,MS&ADインシュアランスグループホールディングス,2026-08-14,1Q,2026-08-14 00:00:00 UTC,ok,MCTX-20260813T222639Z,historical_artifact_join,2026-08-13 22:26:54 UTC,2026-08-13 22:26:39 UTC,1.55,ok,0,9200517747,31749944076
8630,ＳＯＭＰＯホールディングス,2026-08-14,1Q,2026-08-14 00:00:00 UTC,ok,MCTX-20260813T222639Z,historical_artifact_join,2026-08-13 22:26:54 UTC,2026-08-13 22:26:39 UTC,1.55,ok,0,9200517747,31749944076
7936,アシックス,2026-08-14,2Q,2026-08-14 00:00:00 UTC,ok,MCTX-20260813T222639Z,historical_artifact_join,2026-08-13 22:26:54 UTC,2026-08-13 22:26:39 UTC,1.55,ok,0,9200517747,31749944076
6361,荏原製作所,2026-08-14,1Q,2026-08-14 00:00:00 UTC,ok,MCTX-20260813T222639Z,historical_artifact_join,2026-08-13 22:26:54 UTC,2026-08-13 22:26:39 UTC,1.55,ok,0,9200517747,31749944076
4324,電通グループ,2026-08-14,1Q,2026-08-14 00:00:00 UTC,ok,MCTX-20260813T222639Z,historical_artifact_join,2026-08-13 22:26:54 UTC,2026-08-13 22:26:39 UTC,1.55,ok,0,9200517747,31749944076
7747,朝日インテック,2026-08-14,1Q,2026-08-14 00:00:00 UTC,ok,MCTX-20260813T222639Z,historical_artifact_join,2026-08-13 22:26:54 UTC,2026-08-13 22:26:39 UTC,1.55,ok,0,9200517747,31749944076
3769,GMOペイメントゲートウェイ,2026-08-14,1Q,2026-08-14 00:00:00 UTC,ok,MCTX-20260813T222639Z,historical_artifact_join,2026-08-13 22:26:54 UTC,2026-08-13 22:26:39 UTC,1.55,ok,0,9200517747,31749944076
9989,サンドラッグ,2026-08-14,1Q,2026-08-14 00:00:00 UTC,ok,MCTX-20260813T222639Z,historical_artifact_join,2026-08-13 22:26:54 UTC,2026-08-13 22:26:39 UTC,1.55,ok,0,9200517747,31749944076
4651,サニックスホールディングス,2026-08-17,1Q,2026-08-17 00:00:00 UTC,ok,MCTX-20260816T220017Z,historical_artifact_join,2026-08-16 22:00:32 UTC,2026-08-16 22:00:17 UTC,1.99,ok,2,9270831839,31975101932
9439,エム・エイチ・グループ,2026-08-17,本決算,2026-08-17 00:00:00 UTC,ok,MCTX-20260816T220017Z,historical_artifact_join,2026-08-16 22:00:32 UTC,2026-08-16 22:00:17 UTC,1.99,ok,2,9270831839,31975101932
6327,北川精機,2026-08-18,本決算,2026-08-18 00:00:00 UTC,ok,MCTX-20260817T220520Z,historical_artifact_join,2026-08-17 22:05:43 UTC,2026-08-17 22:05:20 UTC,1.9,ok,0,9302865718,32074329423
7532,パン・パシフィック・インターナショナルホールディングス,2026-08-18,本決算,2026-08-18 00:00:00 UTC,ok,MCTX-20260817T220520Z,historical_artifact_join,2026-08-17 22:05:43 UTC,2026-08-17 22:05:20 UTC,1.9,ok,0,9302865718,32074329423
3076,あいホールディングス,2026-08-19,本決算,2026-08-19 00:00:00 UTC,ok,MCTX-20260818T220131Z,historical_artifact_join,2026-08-18 22:01:46 UTC,2026-08-18 22:01:31 UTC,1.97,ok,0,9344086883,32190689753
8987,ジャパンエクセレント投資法人,2026-08-21,本決算,2026-08-21 00:00:00 UTC,ok,MCTX-20260820T221037Z,historical_artifact_join,2026-08-20 22:10:53 UTC,2026-08-20 22:10:37 UTC,1.82,ok,0,9426385732,32423024549
9285,東京インフラ・エネルギー投資法人,2026-08-21,本決算,2026-08-21 00:00:00 UTC,ok,MCTX-20260820T221037Z,historical_artifact_join,2026-08-20 22:10:53 UTC,2026-08-20 22:10:37 UTC,1.82,ok,0,9426385732,32423024549
7590,タカショー,2026-08-25,2Q,2026-08-25 00:00:00 UTC,ok,MCTX-20260821T220336Z,historical_artifact_join,2026-08-21 22:03:52 UTC,2026-08-21 22:03:36 UTC,73.94,ok,0,9463947576,32531303919
