date,signal_id,asset,side,rank,risk_pct,entry_low,entry_high,sl,tp1,status,reference_deviation,exit_bar_offset,scale_check,fill_date,fill_price,risk_unit,exit_date,exit_price,r_result,capital_pct,simulated_at_utc
2026-06-08,20260608_WTI_LONG_A-MOMENTUM,WTI,LONG,A,0.75,95.5,97.0,92.0,102.0,no_fill,0.034501,,passed,,,5.0,,,,,2026-09-06 23:16:14 UTC
2026-06-08,20260608_BTC_SHORT_A-MOMENTUM,BTC,SHORT,B,0.35,64000.0,66000.0,69000.0,60000.0,filled_time_exit,0.067895,5.0,passed,2026-06-08,64000.0,5000.0,2026-06-13,64421.324219,-0.0843,-0.0295,2026-09-06 23:16:14 UTC
2026-06-08,20260608_USDJPY_LONG_A-MOMENTUM,USDJPY,LONG,B,0.25,159.5,160.5,157.8,161.5,filled_time_exit,6.2e-05,5.0,passed,2026-06-08,160.5,2.7,2026-06-15,159.955002,-0.2019,-0.0505,2026-09-06 23:16:14 UTC
2026-06-08,20260608_NASDAQ_LONG_A-PULLBACK,NASDAQ,LONG,B,0.35,,,,,invalid_data,,,,,,,,,,,2026-09-06 23:16:14 UTC
2026-06-09,20260609_WTI_LONG_B-MOMENTUM,WTI,LONG,B,0.35,96.2,97.0,92.8,101.8,no_fill,0.066932,,passed,,,4.2,,,,,2026-09-06 23:16:14 UTC
2026-06-09,20260609_BTC_SHORT_B-PULLBACK,BTC,SHORT,B,0.25,65200.0,66500.0,68200.0,61800.0,no_fill,0.041279,,passed,,,3000.0,,,,,2026-09-06 23:16:14 UTC
2026-06-09,20260609_NASDAQ_LONG_B-PULLBACK,NASDAQ,LONG,B,0.25,704.0,710.0,696.0,724.0,excluded_scale,-0.975643,,excluded,,,,,,,,2026-09-06 23:16:14 UTC
2026-07-09,TSO-20260709-001,WTI,LONG,B,0.25,72.0,73.0,69.5,77.0,filled_tp1,0.029245,,passed,2026-07-09,73.0,3.5,2026-07-13,77.0,1.1429,0.2857,2026-09-06 23:16:14 UTC
2026-07-09,TSO-20260709-002,USDJPY,LONG,B,0.25,160.0,161.0,158.8,163.0,no_fill,-0.011474,,passed,,,2.2,,,,,2026-09-06 23:16:14 UTC
2026-07-06,TSO-20260706-001,GOLD,LONG,B,0.25,4150.0,4190.0,4080.0,4250.0,filled_sl,0.024998,,passed,2026-07-06,4190.0,110.0,2026-07-08,4080.0,-1.0,-0.25,2026-09-06 23:16:14 UTC
2026-07-06,TSO-20260706-002,USDJPY,LONG,B,0.25,160.0,161.0,158.8,163.0,no_fill,-0.005878,,passed,,,2.2,,,,,2026-09-06 23:16:14 UTC
2026-07-06,TSO-20260706-003,WTI,LONG,B,0.25,67.0,68.0,65.0,72.0,filled_tp1,-0.015748,,passed,2026-07-06,68.0,3.0,2026-07-07,72.0,1.3333,0.3333,2026-09-06 23:16:14 UTC
2026-07-07,TSO-20260707-001,GOLD,LONG,B,0.25,4150.0,4190.0,4080.0,4250.0,filled_sl,0.013932,,passed,2026-07-07,4190.0,110.0,2026-07-08,4080.0,-1.0,-0.25,2026-09-06 23:16:14 UTC
2026-07-07,TSO-20260707-002,USDJPY,LONG,B,0.25,160.0,161.0,158.8,163.0,no_fill,-0.005896,,passed,,,2.2,,,,,2026-09-06 23:16:14 UTC
2026-07-07,TSO-20260707-003,WTI,LONG,B,0.25,68.0,69.0,65.5,72.0,filled_tp1,-0.002766,,passed,2026-07-07,69.0,3.5,2026-07-08,72.0,0.8571,0.2143,2026-09-06 23:16:14 UTC
2026-06-16,20260616_USDJPY_SHORT_PULLBACK,USDJPY,SHORT,B,0.5,160.25,160.8,161.1,159.2,filled_sl,0.003563,,passed,2026-06-16,160.25,0.85,2026-06-18,161.1,-1.0,-0.5,2026-09-06 23:16:14 UTC
2026-06-16,20260616_WTI_SHORT_PULLBACK,WTI,SHORT,B,0.5,81.2,82.6,84.2,78.2,filled_tp1,-0.035108,,passed,2026-06-16,81.2,3.0,2026-06-17,78.2,1.0,0.5,2026-09-06 23:16:14 UTC
2026-06-16,20260616_NASDAQ_LONG_PULLBACK,NASDAQ,LONG,B,0.5,735.0,739.0,726.0,752.0,excluded_scale,-0.975153,,excluded,,,,,,,,2026-09-06 23:16:14 UTC
2026-06-17,20260617_WTI_SHORT_MOMENTUM,WTI,SHORT,B,0.5,75.8,76.0,78.5,73.5,filled_sl,-0.060062,,passed,2026-06-17,75.8,2.7,2026-06-17,78.5,-1.0,-0.5,2026-09-06 23:16:14 UTC
2026-06-17,20260617_USDJPY_SHORT_PULLBACK,USDJPY,SHORT,B,0.5,160.6,161.0,161.4,159.2,filled_sl,0.003564,,passed,2026-06-18,160.6,0.8,2026-06-19,161.4,-1.0,-0.5,2026-09-06 23:16:14 UTC
2026-06-17,20260617_NASDAQ_LONG_PULLBACK,NASDAQ,LONG,B,0.5,,,,,invalid_data,,,,,,,,,,,2026-09-06 23:16:14 UTC
2026-06-18,20260618_WTI_SHORT_MOMENTUM,WTI,SHORT,A,0.75,74.8,75.6,77.8,72.0,filled_sl,-0.011177,,passed,2026-06-18,74.8,3.0,2026-06-22,77.8,-1.0,-0.75,2026-09-06 23:16:14 UTC
2026-06-18,20260618_USDJPY_SHORT_PULLBACK,USDJPY,SHORT,B,0.5,160.5,161.0,161.4,159.2,filled_sl,0.002063,,passed,2026-06-18,160.5,0.9,2026-06-19,161.4,-1.0,-0.5,2026-09-06 23:16:14 UTC
2026-06-18,20260618_NASDAQ_LONG_PULLBACK,NASDAQ,LONG,B,0.5,,,,,invalid_data,,,,,,,,,,,2026-09-06 23:16:14 UTC
2026-06-19,20260619_BTC_SHORT_A-MOMENTUM,BTC,SHORT,A,0.5,63100.0,63500.0,64850.0,62250.0,filled_sl,-0.017362,,passed,2026-06-19,63100.0,1750.0,2026-06-22,64850.0,-1.0,-0.5,2026-09-06 23:16:14 UTC
2026-06-19,20260619_WTI_SHORT_B-PULLBACK,WTI,SHORT,B,0.35,77.2,77.8,78.6,75.2,filled_sl,0.009246,,passed,2026-06-22,77.2,1.4,2026-06-22,78.6,-1.0,-0.35,2026-09-06 23:16:14 UTC
2026-06-19,20260619_QQQ_LONG_B-MOMENTUM,QQQ,LONG,B,0.35,738.0,741.8,731.5,748.5,invalid_data,,,,,,,,,,,2026-09-06 23:16:14 UTC
2026-06-19,20260619_USDJPY_LONG_B-MOMENTUM,USDJPY,LONG,B,0.25,161.2,161.45,160.55,162.4,filled_time_exit,0.004514,5.0,passed,2026-06-19,161.45,0.9,2026-06-26,161.804993,0.3944,0.0986,2026-09-06 23:16:14 UTC
2026-06-20,20260620_BTC_SHORT_A_PULLBACK,BTC,SHORT,B,0.5,63800.0,64700.0,66200.0,61000.0,filled_tp1,0.02152,,passed,2026-06-20,63800.0,2400.0,2026-06-24,61000.0,1.1667,0.5833,2026-09-06 23:16:14 UTC
2026-06-20,20260620_WTI_LONG_A_MOMENTUM,WTI,LONG,B,0.5,,,,,invalid_data,,,,,,,,,,,2026-09-06 23:16:14 UTC
2026-06-21,20260621_BTC_SHORT_A_PULLBACK,BTC,SHORT,B,0.5,63500.0,65000.0,66300.0,60000.0,filled_tp1,0.011161,,passed,2026-06-21,63500.0,2800.0,2026-06-24,60000.0,1.25,0.625,2026-09-06 23:16:14 UTC
2026-06-21,20260621_ETH_SHORT_A_PULLBACK,ETH,SHORT,B,0.5,,,,,invalid_data,,,,,,,,,,,2026-09-06 23:16:14 UTC
2026-06-22,20260622_WTI_LONG_A-MOMENTUM,WTI,LONG,A,0.25,77.6,78.1,76.45,80.2,filled_sl,0.013804,,passed,2026-06-22,78.1,1.65,2026-06-22,76.45,-1.0,-0.25,2026-09-06 23:16:14 UTC
2026-06-22,20260622_GOLD_LONG_B-MOMENTUM,GOLD,LONG,B,0.25,4160.0,4175.0,4130.0,4245.0,filled_sl,-0.04391,,passed,2026-06-22,4175.0,45.0,2026-06-23,4130.0,-1.0,-0.25,2026-09-06 23:16:14 UTC
2026-06-25,20260625_BTC_SHORT_A-MOMENTUM,BTC,SHORT,A,0.5,61300.0,62200.0,63300.0,58800.0,filled_tp1,-0.014649,,passed,2026-06-25,61300.0,2000.0,2026-06-26,58800.0,1.25,0.625,2026-09-06 23:16:14 UTC
2026-06-26,20260626_BTC_SHORT_B-PULLBACK,BTC,SHORT,B,0.25,61200.0,62000.0,63100.0,58800.0,no_fill,0.009917,,passed,,,1900.0,,,,,2026-09-06 23:16:14 UTC
2026-06-27,20260627_BTC_SHORT_B-PULLBACK,BTC,SHORT,B,0.25,60800.0,61500.0,62400.0,58300.0,filled_tp1,0.023916,,passed,2026-06-27,60800.0,1600.0,2026-06-30,58300.0,1.5625,0.3906,2026-09-06 23:16:14 UTC
2026-07-01,TSO-20260701-001,USDJPY,LONG,B,0.25,160.5,161.5,159.4,163.5,filled_time_exit,-0.0057,5.0,passed,2026-07-02,161.5,2.1,2026-07-08,162.363007,0.411,0.1027,2026-09-06 23:16:14 UTC
2026-07-01,TSO-20260701-002,WTI,LONG,B,0.25,69.0,70.0,67.5,73.0,filled_sl,-0.017668,,passed,2026-07-01,70.0,2.5,2026-07-02,67.5,-1.0,-0.25,2026-09-06 23:16:14 UTC
2026-07-01,TSO-20260701-003,GOLD,SHORT,B,0.25,4050.0,4100.0,4140.0,3980.0,filled_sl,0.013102,,passed,2026-07-01,4050.0,90.0,2026-07-02,4140.0,-1.0,-0.25,2026-09-06 23:16:14 UTC
2026-07-02,TSO-20260702-001,USDJPY,LONG,B,0.25,161.0,162.0,159.8,164.0,filled_time_exit,-0.006936,5.0,passed,2026-07-02,162.0,2.2,2026-07-09,162.539001,0.245,0.0613,2026-09-06 23:16:14 UTC
2026-07-02,TSO-20260702-002,GOLD,SHORT,B,0.25,4080.0,4120.0,4160.0,4010.0,filled_sl,0.019165,,passed,2026-07-02,4080.0,80.0,2026-07-06,4160.0,-1.0,-0.25,2026-09-06 23:16:14 UTC
2026-07-02,TSO-20260702-003,WTI,LONG,B,0.25,68.0,69.0,66.5,72.0,filled_tp1,-0.014388,,passed,2026-07-02,69.0,2.5,2026-07-07,72.0,1.2,0.3,2026-09-06 23:16:14 UTC
2026-07-03,TSO-20260703-001,USDJPY,LONG,B,0.25,161.0,162.0,159.8,164.0,filled_time_exit,-0.006392,5.0,passed,2026-07-03,162.0,2.2,2026-07-10,162.363007,0.165,0.0413,2026-09-06 23:16:14 UTC
2026-07-03,TSO-20260703-002,GOLD,LONG,B,0.25,4140.0,4180.0,4080.0,4250.0,filled_sl,0.02254,,passed,2026-07-06,4180.0,100.0,2026-07-08,4080.0,-1.0,-0.25,2026-09-06 23:16:14 UTC
2026-07-03,TSO-20260703-003,WTI,LONG,B,0.25,69.0,70.0,67.0,73.0,filled_tp1,0.013415,,passed,2026-07-06,70.0,3.0,2026-07-08,73.0,1.0,0.25,2026-09-06 23:16:14 UTC
2026-07-04,TSO-20260704-001,GOLD,LONG,B,0.25,4110.0,4150.0,4040.0,4230.0,filled_sl,0.015166,,passed,2026-07-06,4150.0,110.0,2026-07-13,4040.0,-1.0,-0.25,2026-09-06 23:16:14 UTC
2026-07-04,TSO-20260704-002,USDJPY,LONG,B,0.25,160.0,161.0,158.8,163.5,no_fill,-0.005878,,passed,,,2.2,,,,,2026-09-06 23:16:14 UTC
2026-07-04,TSO-20260704-003,WTI,LONG,B,0.25,67.0,68.0,65.0,72.0,filled_tp1,-0.015748,,passed,2026-07-06,68.0,3.0,2026-07-07,72.0,1.3333,0.3333,2026-09-06 23:16:14 UTC
2026-07-05,TSO-20260705-001,GOLD,LONG,B,0.25,4140.0,4180.0,4070.0,4250.0,filled_sl,0.02254,,passed,2026-07-06,4180.0,110.0,2026-07-08,4070.0,-1.0,-0.25,2026-09-06 23:16:14 UTC
2026-07-05,TSO-20260705-002,USDJPY,LONG,B,0.25,160.0,161.0,158.8,163.0,no_fill,-0.005878,,passed,,,2.2,,,,,2026-09-06 23:16:14 UTC
2026-07-05,TSO-20260705-003,WTI,LONG,B,0.25,68.0,69.0,66.0,72.0,filled_tp1,-0.001167,,passed,2026-07-06,69.0,3.0,2026-07-07,72.0,1.0,0.25,2026-09-06 23:16:14 UTC
2026-07-15,TSO-20260715-GOLD-B01,GOLD,LONG,B,0.25,4025.0,4045.0,3990.0,4100.0,filled_sl,0.009507,,passed,2026-07-15,4045.0,55.0,2026-07-16,3990.0,-1.0,-0.25,2026-09-06 23:16:14 UTC
2026-07-15,TSO-20260715-USDJPY-B01,USDJPY,LONG,B,0.25,161.55,161.9,160.95,162.8,no_fill,-0.004334,,passed,,,0.95,,,,,2026-09-06 23:16:14 UTC
2026-07-15,TSO-20260715-SPX-B01,SPX,LONG,B,0.25,7490.0,7520.0,7440.0,7590.0,filled_time_exit,-0.007669,5.0,passed,2026-07-17,7520.0,80.0,2026-07-22,7540.25,0.2531,0.0633,2026-09-06 23:16:14 UTC
2026-07-15,TSO-20260715-NDX-B01,NASDAQ,LONG,B,0.25,25820.0,25980.0,25540.0,26300.0,excluded_scale,-0.121312,,excluded,,,,,,,,2026-09-06 23:16:14 UTC
2026-07-16,20260716_GOLD_BUY_B-PULLBACK,GOLD,LONG,B,0.25,4025.0,4045.0,3995.0,4095.0,filled_sl,-0.006427,,passed,2026-07-16,4045.0,50.0,2026-07-16,3995.0,-1.0,-0.25,2026-09-06 23:16:14 UTC
2026-07-16,20260716_USDJPY_BUY_B-PULLBACK,USDJPY,LONG,B,0.2,161.85,162.05,161.35,162.75,filled_tp1,-0.001461,,passed,2026-07-16,162.05,0.7,2026-07-21,162.75,1.0,0.2,2026-09-06 23:16:14 UTC
2026-07-16,20260716_SPX_BUY_B-PULLBACK,SPX,LONG,B,0.25,7575.0,7595.0,7540.0,7650.0,filled_sl,-0.000823,,passed,2026-07-16,7595.0,55.0,2026-07-17,7540.0,-1.0,-0.25,2026-09-06 23:16:14 UTC
2026-07-17,20260717_GOLD_SELL_B-PULLBACK,GOLD,SHORT,B,0.25,4005.0,4020.0,4050.0,3970.0,filled_sl,-0.007789,,passed,2026-07-17,4005.0,45.0,2026-07-21,4050.0,-1.0,-0.25,2026-09-06 23:16:14 UTC
2026-07-17,20260717_USDJPY_BUY_B-PULLBACK,USDJPY,LONG,B,0.2,161.95,162.15,161.45,162.75,filled_tp1,-0.000136,,passed,2026-07-17,162.15,0.7,2026-07-21,162.75,0.8571,0.1714,2026-09-06 23:16:14 UTC
2026-07-17,20260717_NASDAQ_SELL_B-PULLBACK,NASDAQ,SHORT,B,0.25,29720.0,29820.0,29980.0,29420.0,no_fill,0.002585,,passed,,,260.0,,,,,2026-09-06 23:16:14 UTC
2026-07-21,20260721_GOLD_SELL_B-PULLBACK,GOLD,SHORT,B,0.25,4015.0,4035.0,4090.0,3960.0,filled_sl,0.003065,,passed,2026-07-21,4015.0,75.0,2026-07-22,4090.0,-1.0,-0.25,2026-09-06 23:16:14 UTC
2026-07-27,20260727_GOLD_LONG_B-PULLBACK,GOLD,LONG,B,0.25,3990.0,4020.0,3900.0,4140.0,filled_time_exit,-0.01028,5.0,passed,2026-07-29,4020.0,120.0,2026-08-03,4033.699951,0.1142,0.0285,2026-09-06 23:16:14 UTC
2026-07-27,20260727_WTI_SHORT_B-REVERSAL,WTI,SHORT,B,0.25,86.0,88.0,92.5,80.0,filled_tp1,-0.056297,,passed,2026-07-27,86.0,6.5,2026-07-28,80.0,0.9231,0.2308,2026-09-06 23:16:14 UTC
2026-07-28,20260728_GOLD_LONG_B-PULLBACK,GOLD,LONG,B,0.25,4035.0,4065.0,3940.0,4175.0,filled_time_exit,-0.004327,5.0,passed,2026-07-28,4065.0,125.0,2026-08-04,4095.399902,0.2432,0.0608,2026-09-06 23:16:14 UTC
2026-07-28,20260728_NASDAQ_SHORT_B-REVERSAL,NASDAQ,SHORT,B,0.25,28600.0,28720.0,29150.0,27950.0,filled_sl,0.013356,,passed,2026-07-31,28600.0,550.0,2026-08-04,29150.0,-1.0,-0.25,2026-09-06 23:16:14 UTC
2026-07-29,20260729_GOLD_LONG_B-PULLBACK,GOLD,LONG,B,0.25,3995.0,4025.0,3900.0,4140.0,filled_tp1,-0.01583,,passed,2026-07-29,4025.0,125.0,2026-08-05,4140.0,0.92,0.23,2026-09-06 23:16:14 UTC
2026-07-29,20260729_NASDAQ_SHORT_B-REVERSAL,NASDAQ,SHORT,B,0.25,28250.0,28400.0,28950.0,27650.0,filled_sl,0.004789,,passed,2026-07-30,28250.0,700.0,2026-08-03,28950.0,-1.0,-0.25,2026-09-06 23:16:14 UTC
2026-07-30,20260730_GOLD_LONG_B-PULLBACK,GOLD,LONG,B,0.25,4010.0,4040.0,3910.0,4140.0,filled_tp1,-0.0028,,passed,2026-07-30,4040.0,130.0,2026-08-05,4140.0,0.7692,0.1923,2026-09-06 23:16:14 UTC
2026-07-30,20260730_NASDAQ_SHORT_B-PULLBACK,NASDAQ,SHORT,B,0.25,28080.0,28250.0,28800.0,27450.0,filled_sl,0.008703,,passed,2026-07-30,28080.0,720.0,2026-08-03,28800.0,-1.0,-0.25,2026-09-06 23:16:14 UTC
2026-07-31,20260731_GOLD_LONG_B-PULLBACK,GOLD,LONG,B,0.25,4060.0,4090.0,3970.0,4190.0,filled_tp1,0.009988,,passed,2026-07-31,4090.0,120.0,2026-08-05,4190.0,0.8333,0.2083,2026-09-06 23:16:14 UTC
2026-08-01,20260801_GOLD_LONG_B-PULLBACK,GOLD,LONG,B,0.25,4015.0,4050.0,3920.0,4180.0,filled_tp1,-0.016487,,passed,2026-08-03,4050.0,130.0,2026-08-05,4180.0,1.0,0.25,2026-09-06 23:16:14 UTC
2026-08-01,20260801_NASDAQ_LONG_B-PULLBACK,NASDAQ,LONG,B,0.25,28100.0,28300.0,27400.0,29100.0,no_fill,-0.001337,,passed,,,900.0,,,,,2026-09-06 23:16:14 UTC
2026-08-03,20260803_ETH_LONG_B-PULLBACK,ETH,LONG,B,0.25,1580.0,1620.0,1480.0,1760.0,excluded_scale,-0.132047,,excluded,,,,,,,,2026-09-06 23:16:14 UTC
2026-08-03,20260803_NASDAQ_LONG_B-PULLBACK,NASDAQ,LONG,B,0.25,28100.0,28300.0,27400.0,29100.0,no_fill,-0.001337,,passed,,,900.0,,,,,2026-09-06 23:16:14 UTC
2026-08-04,20260804_ETH_LONG_B-PULLBACK,ETH,LONG,B,0.25,1640.0,1690.0,1530.0,1840.0,excluded_scale,-0.115548,,excluded,,,,,,,,2026-09-06 23:16:14 UTC
2026-08-04,20260804_NASDAQ_LONG_A-PULLBACK,NASDAQ,LONG,A,0.25,28750.0,28950.0,27900.0,30000.0,filled_tp1,0.015693,,passed,2026-08-04,28950.0,1050.0,2026-08-05,30000.0,1.0,0.25,2026-09-06 23:16:14 UTC
2026-08-04,20260804_SPX_LONG_B-PULLBACK,SPX,LONG,B,0.25,7520.0,7570.0,7350.0,7750.0,no_fill,0.003425,,passed,,,220.0,,,,,2026-09-06 23:16:14 UTC
2026-08-05,20260805_NASDAQ_LONG_B-PULLBACK,NASDAQ,LONG,B,0.25,29200.0,29450.0,28450.0,30250.0,filled_time_exit,0.014996,5.0,passed,2026-08-06,29450.0,1000.0,2026-08-12,29853.25,0.4032,0.1008,2026-09-06 23:16:14 UTC
2026-08-05,20260805_SPX_LONG_B-PULLBACK,SPX,LONG,B,0.25,7650.0,7690.0,7470.0,7860.0,no_fill,0.005473,,passed,,,220.0,,,,,2026-09-06 23:16:14 UTC
2026-08-06,20260806_GOLD_LONG_B-PULLBACK,GOLD,LONG,B,0.25,4190.0,4240.0,4040.0,4400.0,filled_tp1,0.029204,,passed,2026-08-06,4240.0,200.0,2026-08-11,4400.0,0.8,0.2,2026-09-06 23:16:14 UTC
2026-08-06,20260806_NASDAQ_LONG_B-PULLBACK,NASDAQ,LONG,B,0.25,29050.0,29300.0,28200.0,30250.0,filled_tp1,-0.023055,,passed,2026-08-06,29300.0,1100.0,2026-08-13,30250.0,0.8636,0.2159,2026-09-06 23:16:14 UTC
2026-08-06,20260806_SPX_LONG_B-PULLBACK,SPX,LONG,B,0.25,7650.0,7690.0,7470.0,7860.0,no_fill,-0.012298,,passed,,,220.0,,,,,2026-09-06 23:16:14 UTC
2026-08-07,20260807_GOLD_LONG_B-PULLBACK,GOLD,LONG,B,0.25,4210.0,4260.0,4050.0,4430.0,no_fill,-0.002544,,passed,,,210.0,,,,,2026-09-06 23:16:14 UTC
2026-08-07,20260807_NASDAQ_LONG_B-PULLBACK,NASDAQ,LONG,B,0.25,28900.0,29200.0,28050.0,30250.0,no_fill,-0.019078,,passed,,,1150.0,,,,,2026-09-06 23:16:14 UTC
2026-08-07,20260807_SPX_LONG_B-PULLBACK,SPX,LONG,B,0.25,7630.0,7680.0,7460.0,7860.0,no_fill,-0.012194,,passed,,,220.0,,,,,2026-09-06 23:16:14 UTC
2026-08-08,20260808_GOLD_BUY_PULLBACK,GOLD,LONG,A,0.5,4310.0,4360.0,4120.0,4560.0,filled_time_exit,0.021924,5.0,passed,2026-08-10,4360.0,240.0,2026-08-17,4417.799805,0.2408,0.1204,2026-09-06 23:16:14 UTC
2026-08-08,20260808_NASDAQ_BUY_PULLBACK,NASDAQ,LONG,B,0.25,29400.0,29700.0,28450.0,30600.0,filled_time_exit,0.002094,5.0,passed,2026-08-11,29700.0,1250.0,2026-08-17,30096.0,0.3168,0.0792,2026-09-06 23:16:14 UTC
2026-08-08,20260808_SPX_BUY_PULLBACK,SPX,LONG,B,0.25,7680.0,7730.0,7500.0,7910.0,no_fill,-0.003846,,passed,,,230.0,,,,,2026-09-06 23:16:14 UTC
2026-08-09,20260809_GOLD_BUY_PULLBACK,GOLD,LONG,A,0.5,4330.0,4380.0,4180.0,4560.0,filled_time_exit,0.026638,5.0,passed,2026-08-10,4380.0,200.0,2026-08-17,4417.799805,0.189,0.0945,2026-09-06 23:16:14 UTC
2026-08-09,20260809_NASDAQ_BUY_PULLBACK,NASDAQ,LONG,B,0.25,27600.0,27900.0,26750.0,28950.0,no_fill,-0.058947,,passed,,,1150.0,,,,,2026-09-06 23:16:14 UTC
2026-08-09,20260809_SPX_BUY_PULLBACK,SPX,LONG,B,0.25,7720.0,7760.0,7540.0,7940.0,filled_time_exit,0.000679,5.0,passed,2026-08-11,7760.0,220.0,2026-08-17,7768.75,0.0398,0.0099,2026-09-06 23:16:14 UTC
2026-08-10,20260810_GOLD_BUY_PULLBACK,GOLD,LONG,A,0.5,4330.0,4380.0,4180.0,4560.0,filled_time_exit,0.026638,5.0,passed,2026-08-10,4380.0,200.0,2026-08-17,4417.799805,0.189,0.0945,2026-09-06 23:16:14 UTC
2026-08-10,20260810_NASDAQ_BUY_PULLBACK,NASDAQ,LONG,B,0.25,27600.0,27900.0,26750.0,28950.0,no_fill,-0.058947,,passed,,,1150.0,,,,,2026-09-06 23:16:14 UTC
2026-08-10,20260810_SPX_BUY_PULLBACK,SPX,LONG,B,0.25,7720.0,7760.0,7540.0,7940.0,filled_time_exit,0.000679,5.0,passed,2026-08-11,7760.0,220.0,2026-08-17,7768.75,0.0398,0.0099,2026-09-06 23:16:14 UTC
2026-08-11,20260811_GOLD_BUY_PULLBACK,GOLD,LONG,B,0.25,4310.0,4350.0,4160.0,4510.0,filled_time_exit,-0.002465,5.0,passed,2026-08-13,4350.0,190.0,2026-08-18,4366.0,0.0842,0.0211,2026-09-06 23:16:14 UTC
2026-08-11,20260811_NASDAQ_BUY_PULLBACK,NASDAQ,LONG,B,0.25,27450.0,27750.0,26600.0,28750.0,no_fill,-0.074904,,passed,,,1150.0,,,,,2026-09-06 23:16:14 UTC
2026-08-11,20260811_SPX_BUY_PULLBACK,SPX,LONG,B,0.25,7700.0,7740.0,7520.0,7930.0,filled_time_exit,-0.00768,5.0,passed,2026-08-11,7740.0,220.0,2026-08-18,7714.0,-0.1182,-0.0295,2026-09-06 23:16:14 UTC
2026-08-12,20260812_GOLD_BUY_PULLBACK,GOLD,LONG,B,0.25,4360.0,4400.0,4210.0,4600.0,filled_time_exit,0.004173,5.0,passed,2026-08-13,4400.0,190.0,2026-08-19,4489.399902,0.4705,0.1176,2026-09-06 23:16:14 UTC
2026-08-12,20260812_NASDAQ_BUY_PULLBACK,NASDAQ,LONG,B,0.25,29100.0,29400.0,28250.0,30450.0,no_fill,-0.016377,,passed,,,1150.0,,,,,2026-09-06 23:16:14 UTC
2026-08-12,20260812_SPX_BUY_PULLBACK,SPX,LONG,B,0.25,7680.0,7720.0,7510.0,7920.0,filled_time_exit,-0.009869,5.0,passed,2026-08-18,7720.0,210.0,2026-08-19,7729.0,0.0429,0.0107,2026-09-06 23:16:14 UTC
2026-08-13,20260813_GOLD_BUY_PULLBACK,GOLD,LONG,B,0.25,4410.0,4450.0,4250.0,4640.0,filled_time_exit,0.010723,5.0,passed,2026-08-13,4450.0,200.0,2026-08-20,4516.299805,0.3315,0.0829,2026-09-06 23:16:14 UTC
2026-08-13,20260813_NASDAQ_BUY_PULLBACK,NASDAQ,LONG,B,0.25,29450.0,29700.0,28550.0,30700.0,filled_time_exit,-0.001721,5.0,passed,2026-08-18,29700.0,1150.0,2026-08-20,29300.5,-0.3474,-0.0868,2026-09-06 23:16:14 UTC
2026-08-13,20260813_SPX_BUY_PULLBACK,SPX,LONG,B,0.25,7730.0,7770.0,7550.0,7970.0,filled_time_exit,0.000323,5.0,passed,2026-08-13,7770.0,220.0,2026-08-20,7662.5,-0.4886,-0.1222,2026-09-06 23:16:14 UTC
2026-08-14,20260814_GOLD_BUY_PULLBACK,GOLD,LONG,B,0.25,4320.0,4380.0,4150.0,4540.0,filled_tp1,-0.013359,,passed,2026-08-14,4380.0,230.0,2026-08-21,4540.0,0.6957,0.1739,2026-09-06 23:16:14 UTC
2026-08-14,20260814_NASDAQ_BUY_PULLBACK,NASDAQ,LONG,A,0.25,29850.0,30100.0,28900.0,31250.0,filled_time_exit,0.004078,5.0,passed,2026-08-14,30100.0,1200.0,2026-08-21,29387.75,-0.5935,-0.1484,2026-09-06 23:16:14 UTC
2026-08-14,20260814_SPX_BUY_PULLBACK,SPX,LONG,B,0.25,7780.0,7810.0,7600.0,8010.0,filled_time_exit,0.003153,5.0,passed,2026-08-14,7810.0,210.0,2026-08-21,7691.25,-0.5655,-0.1414,2026-09-06 23:16:14 UTC
2026-08-15,20260815_GOLD_BUY_PULLBACK,GOLD,LONG,B,0.25,4320.0,4380.0,4150.0,4540.0,filled_tp1,-0.003117,,passed,2026-08-18,4380.0,230.0,2026-08-21,4540.0,0.6957,0.1739,2026-09-06 23:16:14 UTC
2026-08-15,20260815_NASDAQ_BUY_PULLBACK,NASDAQ,LONG,B,0.25,29850.0,30100.0,28900.0,31250.0,filled_time_exit,-0.007072,5.0,passed,2026-08-17,30100.0,1200.0,2026-08-24,29105.75,-0.8285,-0.2071,2026-09-06 23:16:14 UTC
2026-08-15,20260815_SPX_BUY_PULLBACK,SPX,LONG,B,0.25,7750.0,7790.0,7580.0,7990.0,filled_time_exit,-0.006711,5.0,passed,2026-08-17,7790.0,210.0,2026-08-24,7669.75,-0.5726,-0.1432,2026-09-06 23:16:14 UTC
2026-08-16,20260816_GOLD_BUY_PULLBACK,GOLD,LONG,B,0.25,4320.0,4380.0,4220.0,4560.0,filled_tp1,-0.003117,,passed,2026-08-18,4380.0,160.0,2026-08-21,4560.0,1.125,0.2812,2026-09-06 23:16:14 UTC
2026-08-16,20260816_NASDAQ_BUY_PULLBACK,NASDAQ,LONG,B,0.25,29850.0,30100.0,29150.0,31250.0,filled_sl,-0.007072,,passed,2026-08-17,30100.0,950.0,2026-08-24,29150.0,-1.0,-0.25,2026-09-06 23:16:14 UTC
2026-08-16,20260816_SPX_BUY_PULLBACK,SPX,LONG,B,0.25,7740.0,7780.0,7620.0,7980.0,filled_time_exit,-0.00799,5.0,passed,2026-08-17,7780.0,160.0,2026-08-24,7669.75,-0.6891,-0.1723,2026-09-06 23:16:14 UTC
2026-08-17,20260817_GOLD_BUY_PULLBACK,GOLD,LONG,B,0.25,4320.0,4380.0,4220.0,4560.0,filled_tp1,-0.003117,,passed,2026-08-18,4380.0,160.0,2026-08-21,4560.0,1.125,0.2812,2026-09-06 23:16:14 UTC
2026-08-17,20260817_NASDAQ_BUY_PULLBACK,NASDAQ,LONG,B,0.25,29850.0,30100.0,29150.0,31250.0,filled_sl,-0.007072,,passed,2026-08-17,30100.0,950.0,2026-08-24,29150.0,-1.0,-0.25,2026-09-06 23:16:14 UTC
2026-08-17,20260817_SPX_BUY_PULLBACK,SPX,LONG,B,0.25,7740.0,7780.0,7620.0,7980.0,filled_time_exit,-0.00799,5.0,passed,2026-08-17,7780.0,160.0,2026-08-24,7669.75,-0.6891,-0.1723,2026-09-06 23:16:14 UTC
2026-08-18,20260818_GOLD_BUY_PULLBACK,GOLD,LONG,B,0.25,4380.0,4430.0,4260.0,4660.0,filled_tp1,0.005616,,passed,2026-08-18,4430.0,170.0,2026-08-24,4660.0,1.3529,0.3382,2026-09-06 23:16:14 UTC
2026-08-18,20260818_NASDAQ_BUY_PULLBACK,NASDAQ,LONG,B,0.25,29880.0,30120.0,29200.0,31400.0,filled_sl,-0.004703,,passed,2026-08-18,30120.0,920.0,2026-08-24,29200.0,-1.0,-0.25,2026-09-06 23:16:14 UTC
2026-08-18,20260818_SPX_BUY_PULLBACK,SPX,LONG,B,0.25,7740.0,7785.0,7630.0,8010.0,filled_time_exit,-0.005445,5.0,passed,2026-08-18,7785.0,155.0,2026-08-25,7692.0,-0.6,-0.15,2026-09-06 23:16:14 UTC
2026-08-20,20260820_GOLD_BUY_PULLBACK,GOLD,LONG,B,0.25,4440.0,4490.0,4310.0,4720.0,filled_time_exit,0.022675,5.0,passed,2026-08-20,4490.0,180.0,2026-08-27,4609.700195,0.665,0.1663,2026-09-06 23:16:14 UTC
2026-08-20,20260820_SPX_BUY_PULLBACK,SPX,LONG,B,0.25,7640.0,7690.0,7520.0,7910.0,filled_time_exit,-0.006352,5.0,passed,2026-08-20,7690.0,170.0,2026-08-27,7742.5,0.3088,0.0772,2026-09-06 23:16:14 UTC
2026-08-21,20260821_BTC_BUY_PULLBACK,BTC,LONG,B,0.25,69000.0,70500.0,66000.0,76000.0,no_fill,0.006985,,passed,,,4500.0,,,,,2026-09-06 23:16:14 UTC
2026-08-21,20260821_GOLD_BUY_PULLBACK,GOLD,LONG,B,0.25,4480.0,4530.0,4350.0,4750.0,no_fill,0.003475,,passed,,,180.0,,,,,2026-09-06 23:16:14 UTC
2026-08-22,20260822_BTC_BUY_PULLBACK,BTC,LONG,B,0.25,73500.0,75500.0,70000.0,82000.0,no_fill,0.02009,,passed,,,5500.0,,,,,2026-09-06 23:16:14 UTC
2026-08-22,20260822_ETH_BUY_PULLBACK,ETH,LONG,B,0.25,2150.0,2260.0,1980.0,2600.0,no_fill,-0.052177,,passed,,,280.0,,,,,2026-09-06 23:16:14 UTC
2026-08-22,20260822_GOLD_BUY_PULLBACK,GOLD,LONG,B,0.25,4560.0,4610.0,4440.0,4890.0,filled_sl,0.015212,,passed,2026-08-26,4610.0,170.0,2026-08-31,4440.0,-1.0,-0.25,2026-09-06 23:16:14 UTC
2026-08-23,20260823_BTC_BUY_PULLBACK,BTC,LONG,B,0.25,74200.0,76000.0,70400.0,82500.0,filled_time_exit,-0.041299,5.0,passed,2026-08-23,76000.0,5600.0,2026-08-28,77830.289062,0.3268,0.0817,2026-09-06 23:16:14 UTC
2026-08-23,20260823_ETH_BUY_PULLBACK,ETH,LONG,B,0.25,2240.0,2340.0,2050.0,2700.0,no_fill,-0.089565,,passed,,,290.0,,,,,2026-09-06 23:16:14 UTC
2026-08-23,20260823_GOLD_BUY_PULLBACK,GOLD,LONG,B,0.25,4580.0,4630.0,4450.0,4920.0,filled_sl,0.01964,,passed,2026-08-25,4630.0,180.0,2026-08-31,4450.0,-1.0,-0.25,2026-09-06 23:16:14 UTC
2026-08-24,20260824_BTC_BUY_PULLBACK,BTC,LONG,B,0.25,74200.0,76000.0,70400.0,82500.0,no_fill,-0.025731,,passed,,,5600.0,,,,,2026-09-06 23:16:14 UTC
2026-08-24,20260824_ETH_BUY_PULLBACK,ETH,LONG,B,0.25,2280.0,2380.0,2080.0,2760.0,no_fill,-0.038878,,passed,,,300.0,,,,,2026-09-06 23:16:14 UTC
2026-08-24,20260824_GOLD_BUY_PULLBACK,GOLD,LONG,B,0.25,4580.0,4640.0,4460.0,4940.0,filled_sl,0.020747,,passed,2026-08-24,4640.0,180.0,2026-08-28,4460.0,-1.0,-0.25,2026-09-06 23:16:14 UTC
2026-08-25,20260825_BTC_BUY_PULLBACK,BTC,LONG,B,0.25,76500.0,78000.0,72500.0,83500.0,filled_time_exit,-0.006498,5.0,passed,2026-08-25,78000.0,5500.0,2026-08-30,77667.570312,-0.0604,-0.0151,2026-09-06 23:16:14 UTC
2026-08-25,20260825_ETH_BUY_PULLBACK,ETH,LONG,B,0.25,2400.0,2470.0,2180.0,2820.0,filled_time_exit,-0.011696,5.0,passed,2026-08-25,2470.0,290.0,2026-08-30,2417.938721,-0.1795,-0.0449,2026-09-06 23:16:14 UTC
2026-08-25,20260825_GOLD_BUY_PULLBACK,GOLD,LONG,B,0.25,4620.0,4660.0,4490.0,4930.0,filled_sl,0.003438,,passed,2026-08-25,4660.0,170.0,2026-08-28,4490.0,-1.0,-0.25,2026-09-06 23:16:14 UTC
2026-08-26,20260826_GOLD_BUY_PULLBACK,GOLD,LONG,B,0.25,4610.0,4660.0,4480.0,4930.0,filled_sl,-0.00125,,passed,2026-08-26,4660.0,180.0,2026-08-28,4480.0,-1.0,-0.25,2026-09-06 23:16:14 UTC
2026-08-26,20260826_BTC_BUY_PULLBACK,BTC,LONG,B,0.25,77000.0,78500.0,73000.0,85000.0,filled_time_exit,-0.01538,5.0,passed,2026-08-26,78500.0,5500.0,2026-08-31,78548.632812,0.0088,0.0022,2026-09-06 23:16:14 UTC
2026-08-26,20260826_ETH_BUY_PULLBACK,ETH,LONG,B,0.25,2390.0,2470.0,2180.0,2850.0,filled_time_exit,-0.020884,5.0,passed,2026-08-26,2470.0,290.0,2026-08-31,2466.820312,-0.011,-0.0027,2026-09-06 23:16:14 UTC
2026-08-27,20260827_GOLD_BUY_PULLBACK,GOLD,LONG,B,0.25,4560.0,4620.0,4440.0,4860.0,filled_sl,-0.010371,,passed,2026-08-27,4620.0,180.0,2026-08-31,4440.0,-1.0,-0.25,2026-09-06 23:16:14 UTC
2026-08-27,20260827_BTC_BUY_PULLBACK,BTC,LONG,B,0.25,76500.0,79000.0,72500.0,85000.0,filled_time_exit,-0.010373,5.0,passed,2026-08-27,79000.0,6500.0,2026-09-01,77403.625,-0.2456,-0.0614,2026-09-06 23:16:14 UTC
2026-08-27,20260827_ETH_BUY_PULLBACK,ETH,LONG,B,0.25,2380.0,2470.0,2160.0,2800.0,filled_time_exit,-0.007433,5.0,passed,2026-08-28,2470.0,310.0,2026-09-01,2417.842041,-0.1683,-0.0421,2026-09-06 23:16:14 UTC
2026-08-27,20260827_NASDAQ_BUY_PULLBACK,NASDAQ,LONG,B,0.25,29100.0,29400.0,28450.0,30600.0,filled_time_exit,-0.000914,5.0,passed,2026-08-31,29400.0,950.0,2026-09-03,29524.75,0.1313,0.0328,2026-09-06 23:16:14 UTC
2026-08-28,20260828_GOLD_BUY_PULLBACK,GOLD,LONG,B,0.25,4550.0,4610.0,4420.0,4860.0,filled_sl,-0.003958,,passed,2026-08-28,4610.0,190.0,2026-08-31,4420.0,-1.0,-0.25,2026-09-06 23:16:14 UTC
2026-08-28,20260828_BTC_BUY_PULLBACK,BTC,LONG,B,0.25,76500.0,78500.0,72500.0,85000.0,filled_time_exit,-0.019328,5.0,passed,2026-08-28,78500.0,6000.0,2026-09-02,77300.476562,-0.1999,-0.05,2026-09-06 23:16:14 UTC
2026-08-28,20260828_ETH_BUY_PULLBACK,ETH,LONG,B,0.25,2380.0,2460.0,2160.0,2800.0,filled_time_exit,-0.034418,5.0,passed,2026-08-28,2460.0,300.0,2026-09-02,2391.500977,-0.2283,-0.0571,2026-09-06 23:16:14 UTC
2026-08-28,20260828_NASDAQ_BUY_PULLBACK,NASDAQ,LONG,B,0.25,29400.0,29600.0,28950.0,30400.0,filled_sl,0.007187,,passed,2026-08-28,29600.0,650.0,2026-09-02,28950.0,-1.0,-0.25,2026-09-06 23:16:14 UTC
2026-08-29,20260829_BTC_BUY_PULLBACK,BTC,LONG,B,0.25,77000.0,79000.0,73000.0,85000.0,filled_time_exit,-0.028129,5.0,passed,2026-08-29,79000.0,6000.0,2026-09-03,81271.742188,0.3786,0.0947,2026-09-06 23:16:14 UTC
2026-08-29,20260829_ETH_BUY_PULLBACK,ETH,LONG,B,0.25,2380.0,2460.0,2160.0,2800.0,filled_time_exit,-0.036014,5.0,passed,2026-08-29,2460.0,300.0,2026-09-03,2508.020752,0.1601,0.04,2026-09-06 23:16:14 UTC
2026-08-31,20260831_WTI_BUY_PULLBACK,WTI,LONG,B,0.25,83.5,85.0,80.5,90.0,filled_tp1,0.00862,,passed,2026-08-31,85.0,4.5,2026-09-01,90.0,1.1111,0.2778,2026-09-06 23:16:14 UTC
2026-09-01,20260901_BTC_BUY_PULLBACK,BTC,LONG,B,0.25,76500.0,77800.0,74000.0,83000.0,open,-0.006664,,passed,2026-09-01,77800.0,3800.0,,,,,2026-09-06 23:16:14 UTC
2026-09-01,20260901_WTI_BUY_PULLBACK,WTI,LONG,B,0.25,84.8,85.5,82.8,90.0,no_fill,0.020983,,passed,,,2.7,,,,,2026-09-06 23:16:14 UTC
2026-09-01,20260901_NASDAQ_BUY_PULLBACK,NASDAQ,LONG,B,0.25,29250.0,29400.0,28900.0,30200.0,open,-0.005654,,passed,2026-09-01,29400.0,500.0,,,,,2026-09-06 23:16:14 UTC
2026-09-02,20260902_BTC_BUY_PULLBACK,BTC,LONG,B,0.25,76500.0,77800.0,74000.0,83000.0,open,-0.017806,,passed,2026-09-02,77800.0,3800.0,,,,,2026-09-06 23:16:14 UTC
2026-09-02,20260902_WTI_BUY_PULLBACK,WTI,LONG,B,0.25,87.0,88.0,85.0,94.5,open,0.020289,,passed,,,3.0,,,,,2026-09-06 23:16:14 UTC
2026-09-03,20260903_GOLD_BUY_REVERSAL,GOLD,LONG,B,0.25,4380.0,4410.0,4340.0,4490.0,open,0.01081,,passed,,,70.0,,,,,2026-09-06 23:16:14 UTC
2026-09-03,20260903_WTI_BUY_PULLBACK,WTI,LONG,B,0.25,89.5,90.5,88.0,95.5,open,-0.002438,,passed,2026-09-03,90.5,2.5,,,,,2026-09-06 23:16:14 UTC
2026-09-03,20260903_NASDAQ_BUY_PULLBACK,NASDAQ,LONG,B,0.25,28850.0,29050.0,28600.0,29750.0,open,-0.006026,,passed,,,450.0,,,,,2026-09-06 23:16:14 UTC
2026-09-04,20260904_GOLD_BUY_PULLBACK,GOLD,LONG,B,0.25,4480.0,4510.0,4440.0,4600.0,open,0.029476,,passed,2026-09-06,4510.0,70.0,,,,,2026-09-06 23:16:14 UTC
2026-09-04,20260904_WTI_BUY_PULLBACK,WTI,LONG,B,0.25,89.8,90.8,88.5,95.5,open,-0.007801,,passed,2026-09-04,90.8,2.3,,,,,2026-09-06 23:16:14 UTC
2026-09-04,20260904_NASDAQ_BUY_PULLBACK,NASDAQ,LONG,B,0.25,29350.0,29500.0,29100.0,30150.0,open,0.00818,,passed,2026-09-04,29500.0,400.0,,,,,2026-09-06 23:16:14 UTC
2026-09-05,20260905_WTI_BUY_PULLBACK,WTI,LONG,B,0.25,89.5,90.5,88.0,94.5,open,-0.014239,,passed,,,2.5,,,,,2026-09-06 23:16:14 UTC
