date,signal_id,asset,side,rank,type,entry_low,entry_high,sl,tp1,tp2,rr,win_prob,expected_r,tq_score,opp_score,no_trade_score,risk_pct,regime,ems,ffs,cds,ias,cbs,mes,invalidation,verification_target,trend_score,momentum_score,volatility_score,risk_penalty_score,setup_quality_score,entry_quality_score,direction_confidence,reason_codes,no_trade_reason,signal_strength,recommended_action,data_quality,verified_status,origin
2026-08-25,20260825_BTC_LONG_B-Watch,BTC,LONG,B,B-Watch,79034.07503,80010.67291,62243.54975,105440.6103,122719.43452,1.5,0.562,0.405,56.97,0.0,43.03,0.5,UPTREND,95.83,96.1,15.23,22.03,65.0,38.27,Close below SL or loss of MA20 support,TP1 then TP2 from next sessions,100.0,65.08,80.0,67.46,70.29,60.0,59.09,trend_up|ma_alignment_bull|momentum_positive|rsi_overbought|overextended,,64.87,WATCH,OK,unverified,daily_cycle
2026-08-25,20260825_DXY_NONE_NO_TRADE,DXY,NONE,NO_TRADE,NO_TRADE,,,,,,0.0,0.0,0.0,50.09,8.37,74.91,0.0,DOWNTREND,19.32,53.17,69.98,54.77,45.0,70.47,No actionable setup,Wait for trend and risk conditions to align,8.37,48.19,35.0,25.0,31.79,10.0,0.0,trend_down|ma_alignment_bear|momentum_negative|atr_too_low|rr_too_low,low_volatility,0.0,NO_TRADE,OK,unverified,daily_cycle
2026-08-25,20260825_ETH_LONG_B-Watch,ETH,LONG,B,B-Watch,2450.36677,2491.21108,1842.62925,3413.02844,4041.18811,1.5,0.553,0.383,53.4,0.0,46.6,0.5,UPTREND,91.74,83.23,28.98,25.61,45.0,25.61,Close below SL or loss of MA20 support,TP1 then TP2 from next sessions,100.0,64.83,80.0,62.99,71.09,60.0,58.78,trend_up|ma_alignment_bull|momentum_positive|rsi_overbought,,65.18,WATCH,OK,unverified,daily_cycle
2026-08-25,20260825_GOLD_LONG_A-Momentum,GOLD,LONG,B,A-Momentum,4656.93846,4690.88705,4009.41275,5670.66276,6335.16277,1.5,0.573,0.432,61.15,0.0,38.85,0.5,UPTREND,95.82,86.23,27.13,28.97,65.0,53.25,Close below SL or loss of MA20 support,TP1 then TP2 from next sessions,100.0,79.48,80.0,58.79,77.06,60.0,78.46,trend_up|ma_alignment_bull|momentum_positive|breakout_up|rsi_overbought|overextended,,74.07,WATCH,OK,unverified,daily_cycle
2026-08-25,20260825_NASDAQ_NONE_NO_TRADE,NASDAQ,NONE,NO_TRADE,NO_TRADE,,,,,,0.0,0.0,0.0,61.84,28.75,63.16,0.0,DOWNTREND,46.5,54.99,96.15,62.76,45.0,58.83,No actionable setup,Wait for trend and risk conditions to align,28.75,50.18,35.0,25.0,39.63,20.0,0.0,trend_down|ma_alignment_bear|momentum_positive|atr_too_low|rr_too_low|pullback_to_ma20,low_volatility,0.0,NO_TRADE,OK,unverified,daily_cycle
2026-08-25,20260825_SPX_NONE_NO_TRADE,SPX,NONE,NO_TRADE,NO_TRADE,,,,,,0.0,0.0,0.0,67.79,2.93,57.21,0.0,UPTREND,65.69,51.25,99.32,62.4,45.0,66.38,No actionable setup,Wait for trend and risk conditions to align,97.07,50.88,35.0,25.0,63.78,20.0,0.0,trend_up|ma_alignment_bull|momentum_positive|atr_too_low|rr_too_low|pullback_to_ma20,low_volatility,0.0,NO_TRADE,OK,unverified,daily_cycle
2026-08-24,20260824_US10Y_NONE_NO_TRADE,US10Y,NONE,NO_TRADE,NO_TRADE,,,,,,0.0,0.0,0.0,65.61,9.24,59.39,0.0,UPTREND,68.19,52.12,90.44,59.57,45.0,61.48,No actionable setup,Wait for trend and risk conditions to align,90.76,45.14,80.0,25.0,68.56,10.0,0.0,trend_up|ma_alignment_bull|momentum_positive|rr_too_low,rr_too_low,0.0,NO_TRADE,OK,unverified,daily_cycle
2026-08-25,20260825_USDJPY_NONE_NO_TRADE,USDJPY,NONE,NO_TRADE,NO_TRADE,,,,,,0.0,0.0,0.0,58.87,32.37,66.13,0.0,RANGE,35.79,50.11,98.68,53.28,45.0,67.83,No actionable setup,Wait for trend and risk conditions to align,32.37,51.2,65.0,25.0,47.25,20.0,0.0,momentum_negative|rr_too_low|range_middle|pullback_to_ma20,rr_too_low,0.0,NO_TRADE,OK,unverified,daily_cycle
2026-08-25,20260825_VIX_NONE_NO_TRADE,VIX,NONE,NO_TRADE,NO_TRADE,,,,,,0.0,0.0,0.0,55.03,22.0,69.97,0.0,RANGE,41.23,52.21,99.34,69.71,45.0,13.8,No actionable setup,Wait for trend and risk conditions to align,22.0,46.15,35.0,25.0,35.85,20.0,0.0,momentum_negative|atr_too_low|rr_too_low|pullback_to_ma20,low_volatility,0.0,NO_TRADE,OK,unverified,daily_cycle
2026-08-25,20260825_WTI_NONE_NO_TRADE,WTI,NONE,NO_TRADE,NO_TRADE,,,,,,0.0,0.0,0.0,60.17,15.66,64.83,0.0,UPTREND,61.85,59.95,95.35,47.31,45.0,33.68,No actionable setup,Wait for trend and risk conditions to align,84.34,34.03,65.0,25.0,59.43,20.0,0.0,trend_up|ma_alignment_bull|momentum_positive|rr_too_low|pullback_to_ma20,rr_too_low,0.0,NO_TRADE,OK,unverified,daily_cycle
2026-08-25,20260825_US10Y_NONE_NO_TRADE,US10Y,NONE,NO_TRADE,NO_TRADE,,,,,,0.0,0.0,0.0,64.15,33.49,60.85,0.0,RANGE,57.56,57.12,87.48,67.35,45.0,60.64,No actionable setup,Wait for trend and risk conditions to align,66.51,38.82,80.0,25.0,57.87,10.0,0.0,momentum_positive|rr_too_low,rr_too_low,0.0,NO_TRADE,OK,unverified,daily_cycle
2026-08-27,20260827_BTC_NONE_NO_TRADE,BTC,NONE,NO_TRADE,NO_TRADE,,,,,,0.0,0.0,0.0,50.07,0.0,74.93,0.0,UPTREND,91.47,53.52,27.61,23.67,45.0,37.38,No actionable setup,Wait for trend and risk conditions to align,100.0,54.16,80.0,40.0,71.95,10.0,0.0,trend_up|ma_alignment_bull|momentum_positive|rsi_overbought|rr_too_low,rr_too_low,0.0,NO_TRADE,OK,unverified,daily_cycle
2026-08-26,20260826_DXY_NONE_NO_TRADE,DXY,NONE,NO_TRADE,NO_TRADE,,,,,,0.0,0.0,0.0,51.35,9.46,73.65,0.0,DOWNTREND,21.17,51.43,78.52,50.4,45.0,70.55,No actionable setup,Wait for trend and risk conditions to align,9.46,51.83,35.0,25.0,33.45,10.0,0.0,trend_down|ma_alignment_bear|momentum_negative|atr_too_low|rr_too_low,low_volatility,0.0,NO_TRADE,OK,unverified,daily_cycle
2026-08-27,20260827_ETH_LONG_B-Watch,ETH,LONG,B,B-Watch,2470.01543,2513.11497,1842.06545,3465.81482,4115.31458,1.5,0.549,0.373,51.47,0.0,48.53,0.5,UPTREND,90.11,52.57,33.83,28.58,65.0,23.33,Close below SL or loss of MA20 support,TP1 then TP2 from next sessions,100.0,58.46,65.0,59.27,66.6,60.0,50.95,trend_up|ma_alignment_bull|momentum_positive|rsi_overbought,,60.59,WATCH,OK,unverified,daily_cycle
2026-08-26,20260826_GOLD_LONG_A-Momentum,GOLD,LONG,B,A-Momentum,4670.08091,4700.90662,4014.69347,5691.69421,6362.4945,1.5,0.57,0.425,59.84,0.0,40.16,0.5,UPTREND,100.0,72.7,24.4,28.4,65.0,55.3,Close below SL or loss of MA20 support,TP1 then TP2 from next sessions,100.0,84.56,80.0,59.5,78.7,60.0,85.83,trend_up|ma_alignment_bull|momentum_positive|breakout_up|rsi_overbought,,77.1,WATCH,OK,unverified,daily_cycle
2026-08-26,20260826_NASDAQ_NONE_NO_TRADE,NASDAQ,NONE,NO_TRADE,NO_TRADE,,,,,,0.0,0.0,0.0,63.72,7.39,61.28,0.0,UPTREND,51.93,50.44,97.52,68.92,45.0,58.86,No actionable setup,Wait for trend and risk conditions to align,92.61,54.75,35.0,25.0,63.57,20.0,0.0,trend_up|ma_alignment_bull|momentum_positive|atr_too_low|rr_too_low|pullback_to_ma20,low_volatility,0.0,NO_TRADE,OK,unverified,daily_cycle
2026-08-26,20260826_SPX_NONE_NO_TRADE,SPX,NONE,NO_TRADE,NO_TRADE,,,,,,0.0,0.0,0.0,68.68,2.6,56.32,0.0,UPTREND,69.32,50.19,95.3,68.83,45.0,66.23,No actionable setup,Wait for trend and risk conditions to align,97.4,52.09,35.0,25.0,64.32,20.0,0.0,trend_up|ma_alignment_bull|momentum_positive|atr_too_low|rr_too_low|pullback_to_ma20,low_volatility,0.0,NO_TRADE,OK,unverified,daily_cycle
2026-08-26,20260826_US10Y_NONE_NO_TRADE,US10Y,NONE,NO_TRADE,NO_TRADE,,,,,,0.0,0.0,0.0,65.85,33.87,59.15,0.0,RANGE,60.74,51.18,94.84,69.23,45.0,60.9,No actionable setup,Wait for trend and risk conditions to align,66.13,53.4,80.0,25.0,62.84,20.0,0.0,momentum_positive|rr_too_low|range_middle|pullback_to_ma20,rr_too_low,0.0,NO_TRADE,OK,unverified,daily_cycle
2026-08-27,20260827_USDJPY_NONE_NO_TRADE,USDJPY,NONE,NO_TRADE,NO_TRADE,,,,,,0.0,0.0,0.0,57.96,32.78,67.04,0.0,RANGE,33.94,53.22,89.02,59.1,45.0,68.82,No actionable setup,Wait for trend and risk conditions to align,32.78,52.16,55.0,25.0,45.73,10.0,0.0,momentum_negative|rr_too_low,rr_too_low,0.0,NO_TRADE,OK,unverified,daily_cycle
2026-08-26,20260826_VIX_NONE_NO_TRADE,VIX,NONE,NO_TRADE,NO_TRADE,,,,,,0.0,0.0,0.0,53.39,0.0,71.61,0.0,DOWNTREND,36.65,60.75,94.87,69.55,45.0,8.05,No actionable setup,Wait for trend and risk conditions to align,0.0,48.68,35.0,25.0,29.04,20.0,0.0,trend_down|ma_alignment_bear|momentum_negative|atr_too_low|rr_too_low|pullback_to_ma20,low_volatility,0.0,NO_TRADE,OK,unverified,daily_cycle
2026-08-26,20260826_WTI_NONE_NO_TRADE,WTI,NONE,NO_TRADE,NO_TRADE,,,,,,0.0,0.0,0.0,62.72,40.88,62.28,0.0,RANGE,57.45,74.23,95.87,57.33,45.0,32.99,No actionable setup,Wait for trend and risk conditions to align,59.12,31.27,65.0,25.0,49.64,20.0,0.0,momentum_positive|rr_too_low|range_middle|pullback_to_ma20,rr_too_low,0.0,NO_TRADE,OK,unverified,daily_cycle
2026-08-28,20260828_BTC_LONG_B-Watch,BTC,LONG,B,B-Watch,78880.54562,79930.73479,62225.15193,105176.37262,122356.86089,1.5,0.556,0.39,54.21,0.0,45.79,0.5,UPTREND,90.38,66.77,31.56,23.15,65.0,35.45,Close below SL or loss of MA20 support,TP1 then TP2 from next sessions,100.0,64.11,65.0,66.06,67.23,60.0,57.87,trend_up|ma_alignment_bull|momentum_positive|rsi_overbought,,62.98,WATCH,OK,unverified,daily_cycle
2026-08-28,20260828_DXY_NONE_NO_TRADE,DXY,NONE,NO_TRADE,NO_TRADE,,,,,,0.0,0.0,0.0,52.88,13.2,72.12,0.0,DOWNTREND,20.8,51.97,84.3,52.58,45.0,70.94,No actionable setup,Wait for trend and risk conditions to align,13.2,51.33,35.0,25.0,34.59,10.0,0.0,trend_down|ma_alignment_bear|momentum_negative|atr_too_low|rr_too_low|range_middle,low_volatility,0.0,NO_TRADE,OK,unverified,daily_cycle
2026-08-28,20260828_ETH_NONE_NO_TRADE,ETH,NONE,NO_TRADE,NO_TRADE,,,,,,0.0,0.0,0.0,52.1,0.0,72.9,0.0,UPTREND,87.08,62.66,42.48,30.88,45.0,22.03,No actionable setup,Wait for trend and risk conditions to align,100.0,53.49,65.0,40.0,68.72,10.0,0.0,trend_up|ma_alignment_bull|momentum_positive|rsi_overbought|rr_too_low,rr_too_low,0.0,NO_TRADE,OK,unverified,daily_cycle
2026-08-28,20260828_GOLD_NONE_NO_TRADE,GOLD,NONE,NO_TRADE,NO_TRADE,,,,,,0.0,0.0,0.0,60.45,0.0,64.55,0.0,UPTREND,99.94,50.88,43.11,40.49,45.0,57.56,No actionable setup,Wait for trend and risk conditions to align,100.0,52.97,55.0,40.0,66.54,10.0,0.0,trend_up|ma_alignment_bull|momentum_positive|rsi_overbought|rr_too_low,rr_too_low,0.0,NO_TRADE,OK,unverified,daily_cycle
2026-08-28,20260828_NASDAQ_NONE_NO_TRADE,NASDAQ,NONE,NO_TRADE,NO_TRADE,,,,,,0.0,0.0,0.0,64.97,7.21,60.03,0.0,UPTREND,54.15,54.12,98.88,67.52,45.0,59.44,No actionable setup,Wait for trend and risk conditions to align,92.79,51.37,35.0,25.0,62.46,20.0,0.0,trend_up|ma_alignment_bull|momentum_positive|atr_too_low|rr_too_low|pullback_to_ma20,low_volatility,0.0,NO_TRADE,OK,unverified,daily_cycle
2026-08-28,20260828_SPX_NONE_NO_TRADE,SPX,NONE,NO_TRADE,NO_TRADE,,,,,,0.0,0.0,0.0,69.36,2.76,55.64,0.0,UPTREND,69.9,52.94,99.12,64.35,45.0,66.46,No actionable setup,Wait for trend and risk conditions to align,97.24,51.38,35.0,25.0,64.02,20.0,0.0,trend_up|ma_alignment_bull|momentum_positive|atr_too_low|rr_too_low|pullback_to_ma20,low_volatility,0.0,NO_TRADE,OK,unverified,daily_cycle
2026-08-27,20260827_US10Y_NONE_NO_TRADE,US10Y,NONE,NO_TRADE,NO_TRADE,,,,,,0.0,0.0,0.0,66.78,35.0,58.22,0.0,RANGE,61.78,52.56,97.18,68.46,45.0,61.63,No actionable setup,Wait for trend and risk conditions to align,65.0,49.32,80.0,25.0,61.01,20.0,0.0,rr_too_low|range_middle|pullback_to_ma20,rr_too_low,0.0,NO_TRADE,OK,unverified,daily_cycle
2026-08-28,20260828_USDJPY_NONE_NO_TRADE,USDJPY,NONE,NO_TRADE,NO_TRADE,,,,,,0.0,0.0,0.0,55.28,35.07,69.72,0.0,RANGE,35.71,52.05,81.89,48.56,45.0,69.22,No actionable setup,Wait for trend and risk conditions to align,35.07,52.1,35.0,25.0,42.51,10.0,0.0,momentum_negative|atr_too_low|rr_too_low,low_volatility,0.0,NO_TRADE,OK,unverified,daily_cycle
2026-08-27,20260827_VIX_NONE_NO_TRADE,VIX,NONE,NO_TRADE,NO_TRADE,,,,,,0.0,0.0,0.0,53.95,0.0,71.05,0.0,DOWNTREND,30.74,96.85,83.04,67.26,45.0,3.64,No actionable setup,Wait for trend and risk conditions to align,0.0,20.0,35.0,25.0,80.0,10.0,0.0,trend_down|ma_alignment_bear|momentum_negative|atr_too_low|rr_too_low|overextended,low_volatility,0.0,NO_TRADE,OK,unverified,daily_cycle
2026-08-28,20260828_WTI_NONE_NO_TRADE,WTI,NONE,NO_TRADE,NO_TRADE,,,,,,0.0,0.0,0.0,64.17,13.64,60.83,0.0,UPTREND,61.04,71.71,93.77,65.91,45.0,33.4,No actionable setup,Wait for trend and risk conditions to align,86.36,35.48,65.0,25.0,60.64,20.0,0.0,trend_up|ma_alignment_bull|momentum_negative|rr_too_low|pullback_to_ma20,rr_too_low,0.0,NO_TRADE,OK,unverified,daily_cycle
2026-08-29,20260829_BTC_NONE_NO_TRADE,BTC,NONE,NO_TRADE,NO_TRADE,,,,,,0.0,0.0,0.0,52.76,0.0,72.24,0.0,UPTREND,81.88,50.6,52.1,32.65,45.0,32.56,No actionable setup,Wait for trend and risk conditions to align,100.0,39.64,55.0,40.0,61.87,10.0,0.0,trend_up|ma_alignment_bull|momentum_positive|rsi_overbought|rr_too_low,rr_too_low,0.0,NO_TRADE,OK,unverified,daily_cycle
2026-08-29,20260829_ETH_NONE_NO_TRADE,ETH,NONE,NO_TRADE,NO_TRADE,,,,,,0.0,0.0,0.0,52.41,0.0,72.59,0.0,UPTREND,81.05,54.86,56.79,35.54,45.0,18.18,No actionable setup,Wait for trend and risk conditions to align,100.0,37.09,55.0,25.0,63.98,10.0,0.0,trend_up|ma_alignment_bull|momentum_positive|rsi_overbought|rr_too_low,rr_too_low,0.0,NO_TRADE,OK,unverified,daily_cycle
2026-08-28,20260828_US10Y_NONE_NO_TRADE,US10Y,NONE,NO_TRADE,NO_TRADE,,,,,,0.0,0.0,0.0,65.74,10.37,59.26,0.0,UPTREND,67.57,51.9,86.41,67.36,45.0,61.16,No actionable setup,Wait for trend and risk conditions to align,89.63,54.0,80.0,25.0,71.27,10.0,0.0,trend_up|ma_alignment_bull|rr_too_low,rr_too_low,0.0,NO_TRADE,OK,unverified,daily_cycle
2026-08-28,20260828_VIX_NONE_NO_TRADE,VIX,NONE,NO_TRADE,NO_TRADE,,,,,,0.0,0.0,0.0,49.61,0.0,75.39,0.0,DOWNTREND,30.56,73.13,82.84,62.32,45.0,3.9,No actionable setup,Wait for trend and risk conditions to align,0.0,33.36,35.0,25.0,75.32,10.0,0.0,trend_down|ma_alignment_bear|momentum_negative|atr_too_low|rr_too_low,low_volatility,0.0,NO_TRADE,OK,unverified,daily_cycle
2026-08-27,20260827_GOLD_NONE_NO_TRADE,GOLD,NONE,NO_TRADE,NO_TRADE,,,,,,0.0,0.0,0.0,61.01,0.0,63.99,0.0,UPTREND,97.98,60.34,41.26,40.57,45.0,57.49,No actionable setup,Wait for trend and risk conditions to align,100.0,57.45,55.0,40.0,73.11,10.0,49.76,trend_up|ma_alignment_bull|momentum_positive|rsi_overbought|rr_too_low,rr_too_low,0.0,NO_TRADE,OK,unverified,daily_cycle
2026-08-27,20260827_NASDAQ_LONG_A-Pullback,NASDAQ,LONG,B,A-Pullback,29577.28214,29735.23929,28040.26071,32080.26072,33696.26073,1.5,0.586,0.465,66.35,7.65,33.65,0.5,UPTREND,55.34,56.74,93.12,66.81,65.0,59.04,Close below SL or loss of MA20 support,TP1 then TP2 from next sessions,92.35,60.98,35.0,0.0,70.67,70.0,57.88,trend_up|ma_alignment_bull|momentum_positive|atr_too_low|pullback_to_ma20,,66.7,WATCH,OK,unverified,daily_cycle
2026-08-27,20260827_SPX_NONE_NO_TRADE,SPX,NONE,NO_TRADE,NO_TRADE,,,,,,0.0,0.0,0.0,69.0,2.91,56.0,0.0,UPTREND,71.27,55.22,93.73,64.73,45.0,66.31,No actionable setup,Wait for trend and risk conditions to align,97.09,56.55,35.0,25.0,70.77,20.0,0.0,trend_up|ma_alignment_bull|momentum_positive|atr_too_low|rr_too_low|pullback_to_ma20,low_volatility,0.0,NO_TRADE,OK,unverified,daily_cycle
2026-08-27,20260827_WTI_NONE_NO_TRADE,WTI,NONE,NO_TRADE,NO_TRADE,,,,,,0.0,0.0,0.0,62.19,12.76,62.81,0.0,UPTREND,61.04,74.48,93.29,54.41,45.0,29.57,No actionable setup,Wait for trend and risk conditions to align,87.24,43.22,65.0,25.0,63.66,20.0,0.0,trend_up|ma_alignment_bull|rr_too_low|pullback_to_ma20,rr_too_low,0.0,NO_TRADE,OK,unverified,daily_cycle
2026-08-30,20260830_BTC_NONE_NO_TRADE,BTC,NONE,NO_TRADE,NO_TRADE,,,,,,0.0,0.0,0.0,54.17,0.0,70.83,0.0,UPTREND,78.46,58.53,60.13,32.88,45.0,28.82,No actionable setup,Wait for trend and risk conditions to align,100.0,43.51,40.0,45.0,59.23,10.0,0.0,trend_up|ma_alignment_bull|momentum_positive|rsi_overbought|atr_too_high|rr_too_low,rr_too_low,0.0,NO_TRADE,OK,unverified,daily_cycle
2026-08-30,20260830_DXY_NONE_NO_TRADE,DXY,NONE,NO_TRADE,NO_TRADE,,,,,,0.0,0.0,0.0,59.87,39.96,65.13,0.0,RANGE,33.75,53.31,92.02,66.31,45.0,70.58,No actionable setup,Wait for trend and risk conditions to align,39.96,51.76,35.0,25.0,44.1,20.0,0.0,atr_too_low|rr_too_low,low_volatility,0.0,NO_TRADE,OK,unverified,daily_cycle
2026-08-30,20260830_ETH_NONE_NO_TRADE,ETH,NONE,NO_TRADE,NO_TRADE,,,,,,0.0,0.0,0.0,53.98,0.0,71.02,0.0,UPTREND,76.0,63.23,67.63,37.79,45.0,12.0,No actionable setup,Wait for trend and risk conditions to align,100.0,36.66,40.0,45.0,56.83,10.0,0.0,trend_up|ma_alignment_bull|momentum_positive|rsi_overbought|atr_too_high|rr_too_low,rr_too_low,0.0,NO_TRADE,OK,unverified,daily_cycle
2026-08-30,20260830_GOLD_NONE_NO_TRADE,GOLD,NONE,NO_TRADE,NO_TRADE,,,,,,0.0,0.0,0.0,68.63,0.0,56.37,0.0,UPTREND,79.79,65.73,85.66,59.75,45.0,54.88,No actionable setup,Wait for trend and risk conditions to align,100.0,42.43,80.0,25.0,70.85,10.0,0.0,trend_up|ma_alignment_bull|momentum_positive|rr_too_low,rr_too_low,0.0,NO_TRADE,OK,unverified,daily_cycle
2026-08-30,20260830_NASDAQ_NONE_NO_TRADE,NASDAQ,NONE,NO_TRADE,NO_TRADE,,,,,,0.0,0.0,0.0,60.54,33.78,64.46,0.0,RANGE,48.54,53.99,87.03,63.75,45.0,58.9,No actionable setup,Wait for trend and risk conditions to align,66.22,49.78,35.0,25.0,52.6,10.0,0.0,momentum_positive|atr_too_low|rr_too_low,low_volatility,0.0,NO_TRADE,OK,unverified,daily_cycle
2026-08-30,20260830_SPX_NONE_NO_TRADE,SPX,NONE,NO_TRADE,NO_TRADE,,,,,,0.0,0.0,0.0,64.89,31.24,60.11,0.0,RANGE,63.19,51.74,87.29,63.01,45.0,66.17,No actionable setup,Wait for trend and risk conditions to align,68.76,49.4,35.0,25.0,53.35,10.0,0.0,momentum_positive|atr_too_low|rr_too_low,low_volatility,0.0,NO_TRADE,OK,unverified,daily_cycle
2026-08-31,20260831_USDJPY_NONE_NO_TRADE,USDJPY,NONE,NO_TRADE,NO_TRADE,,,,,,0.0,0.0,0.0,55.87,39.36,69.13,0.0,RANGE,42.07,53.83,70.51,55.21,45.0,69.3,No actionable setup,Wait for trend and risk conditions to align,39.36,69.81,35.0,25.0,50.21,10.0,0.0,breakout_up|atr_too_low|rr_too_low,low_volatility,0.0,NO_TRADE,OK,unverified,daily_cycle
2026-08-30,20260830_WTI_LONG_B-Watch,WTI,LONG,B,B-Watch,83.69964,84.84678,73.95321,99.75321,110.07321,1.5,0.577,0.442,62.79,5.49,37.21,0.5,UPTREND,64.23,52.65,87.06,65.16,65.0,34.3,Close below SL or loss of MA20 support,TP1 then TP2 from next sessions,94.51,55.37,65.0,0.0,75.46,60.0,50.17,trend_up|ma_alignment_bull|momentum_positive,,64.78,WATCH,OK,unverified,daily_cycle
2026-08-31,20260831_BTC_NONE_NO_TRADE,BTC,NONE,NO_TRADE,NO_TRADE,,,,,,0.0,0.0,0.0,52.84,0.0,72.16,0.0,UPTREND,80.31,50.68,58.6,30.38,45.0,29.23,No actionable setup,Wait for trend and risk conditions to align,100.0,53.13,40.0,45.0,62.59,10.0,0.0,trend_up|ma_alignment_bull|momentum_positive|rsi_overbought|atr_too_high|rr_too_low,rr_too_low,0.0,NO_TRADE,OK,unverified,daily_cycle
2026-08-31,20260831_DXY_NONE_NO_TRADE,DXY,NONE,NO_TRADE,NO_TRADE,,,,,,0.0,0.0,0.0,58.88,14.62,66.12,0.0,DOWNTREND,29.59,52.09,96.86,61.66,45.0,70.35,No actionable setup,Wait for trend and risk conditions to align,14.62,49.81,35.0,25.0,34.55,20.0,0.0,trend_down|ma_alignment_bear|atr_too_low|rr_too_low|range_middle|pullback_to_ma20,low_volatility,0.0,NO_TRADE,OK,unverified,daily_cycle
2026-08-31,20260831_ETH_NONE_NO_TRADE,ETH,NONE,NO_TRADE,NO_TRADE,,,,,,0.0,0.0,0.0,52.58,0.0,72.42,0.0,UPTREND,78.89,55.46,64.03,33.92,45.0,14.27,No actionable setup,Wait for trend and risk conditions to align,100.0,55.75,40.0,45.0,60.99,10.0,47.76,trend_up|ma_alignment_bull|momentum_positive|rsi_overbought|atr_too_high|rr_too_low,rr_too_low,0.0,NO_TRADE,OK,unverified,daily_cycle
2026-08-31,20260831_GOLD_NONE_NO_TRADE,GOLD,NONE,NO_TRADE,NO_TRADE,,,,,,0.0,0.0,0.0,68.58,0.0,56.42,0.0,UPTREND,80.55,65.36,84.68,59.49,45.0,55.16,No actionable setup,Wait for trend and risk conditions to align,100.0,43.03,80.0,25.0,71.06,10.0,0.0,trend_up|ma_alignment_bull|momentum_positive|rr_too_low,rr_too_low,0.0,NO_TRADE,OK,unverified,daily_cycle
2026-08-31,20260831_NASDAQ_NONE_NO_TRADE,NASDAQ,NONE,NO_TRADE,NO_TRADE,,,,,,0.0,0.0,0.0,63.85,32.99,61.15,0.0,RANGE,51.94,56.86,94.09,67.24,45.0,59.56,No actionable setup,Wait for trend and risk conditions to align,67.01,54.34,35.0,25.0,54.47,20.0,0.0,momentum_positive|atr_too_low|rr_too_low|range_middle|pullback_to_ma20,low_volatility,0.0,NO_TRADE,OK,unverified,daily_cycle
2026-08-31,20260831_SPX_NONE_NO_TRADE,SPX,NONE,NO_TRADE,NO_TRADE,,,,,,0.0,0.0,0.0,65.6,31.14,59.4,0.0,RANGE,64.1,52.1,88.84,63.69,45.0,66.26,No actionable setup,Wait for trend and risk conditions to align,68.86,49.97,35.0,25.0,53.59,10.0,0.0,momentum_positive|atr_too_low|rr_too_low,low_volatility,0.0,NO_TRADE,OK,unverified,daily_cycle
2026-08-31,20260831_US10Y_LONG_A-Momentum,US10Y,LONG,A,A-Momentum,4.74139,4.76354,4.59746,4.98497,5.13998,1.5,0.586,0.465,66.24,8.76,33.76,1.0,UPTREND,71.88,55.74,75.45,61.12,65.0,61.04,Close below SL or loss of MA20 support,TP1 then TP2 from next sessions,91.24,72.47,80.0,0.0,83.3,75.0,73.14,trend_up|ma_alignment_bull|breakout_up,,78.59,TRADE,OK,unverified,daily_cycle
2026-08-31,20260831_VIX_NONE_NO_TRADE,VIX,NONE,NO_TRADE,NO_TRADE,,,,,,0.0,0.0,0.0,54.81,0.0,70.19,0.0,DOWNTREND,36.19,79.34,94.46,67.42,45.0,2.38,No actionable setup,Wait for trend and risk conditions to align,0.0,45.0,35.0,25.0,71.25,20.0,0.0,trend_down|ma_alignment_bear|momentum_negative|atr_too_low|rr_too_low|pullback_to_ma20,low_volatility,0.0,NO_TRADE,OK,unverified,daily_cycle
2026-08-31,20260831_WTI_LONG_B-Watch,WTI,LONG,B,B-Watch,85.38293,86.55236,73.94764,103.99765,116.01766,1.5,0.575,0.437,61.87,3.43,38.13,0.5,UPTREND,68.52,57.35,77.36,60.11,65.0,34.33,Close below SL or loss of MA20 support,TP1 then TP2 from next sessions,96.57,64.41,65.0,0.0,79.34,60.0,60.06,trend_up|ma_alignment_bull|momentum_positive,,69.69,WATCH,OK,unverified,daily_cycle
2026-09-01,20260901_BTC_NONE_NO_TRADE,BTC,NONE,NO_TRADE,NO_TRADE,,,,,,0.0,0.0,0.0,52.5,0.0,72.5,0.0,UPTREND,82.07,51.37,52.7,31.16,45.0,30.4,No actionable setup,Wait for trend and risk conditions to align,100.0,55.07,55.0,40.0,64.06,10.0,46.97,trend_up|ma_alignment_bull|momentum_positive|rsi_overbought|rr_too_low,rr_too_low,0.0,NO_TRADE,OK,unverified,daily_cycle
2026-09-01,20260901_ETH_NONE_NO_TRADE,ETH,NONE,NO_TRADE,NO_TRADE,,,,,,0.0,0.0,0.0,51.69,0.0,73.31,0.0,UPTREND,81.07,51.52,57.79,34.48,45.0,16.4,No actionable setup,Wait for trend and risk conditions to align,100.0,55.59,55.0,25.0,68.08,10.0,47.57,trend_up|ma_alignment_bull|momentum_positive|rsi_overbought|rr_too_low,rr_too_low,0.0,NO_TRADE,OK,unverified,daily_cycle
2026-09-01,20260901_USDJPY_NONE_NO_TRADE,USDJPY,NONE,NO_TRADE,NO_TRADE,,,,,,0.0,0.0,0.0,56.95,39.02,68.05,0.0,RANGE,37.66,52.61,78.48,60.17,45.0,69.48,No actionable setup,Wait for trend and risk conditions to align,39.02,52.87,35.0,25.0,44.16,10.0,0.0,atr_too_low|rr_too_low,low_volatility,0.0,NO_TRADE,OK,unverified,daily_cycle
2026-09-01,20260901_DXY_NONE_NO_TRADE,DXY,NONE,NO_TRADE,NO_TRADE,,,,,,0.0,0.0,0.0,59.54,39.86,65.46,0.0,RANGE,35.03,53.71,91.29,62.74,45.0,70.4,No actionable setup,Wait for trend and risk conditions to align,39.86,53.35,35.0,25.0,44.63,20.0,0.0,atr_too_low|rr_too_low,low_volatility,0.0,NO_TRADE,OK,unverified,daily_cycle
2026-09-01,20260901_GOLD_NONE_NO_TRADE,GOLD,NONE,NO_TRADE,NO_TRADE,,,,,,0.0,0.0,0.0,67.55,25.08,57.45,0.0,RANGE,66.07,78.58,83.24,67.0,45.0,53.65,No actionable setup,Wait for trend and risk conditions to align,74.92,28.44,80.0,25.0,57.18,10.0,0.0,momentum_positive|rr_too_low|range_middle,rr_too_low,0.0,NO_TRADE,OK,unverified,daily_cycle
2026-09-01,20260901_NASDAQ_NONE_NO_TRADE,NASDAQ,NONE,NO_TRADE,NO_TRADE,,,,,,0.0,0.0,0.0,56.42,42.04,68.58,0.0,RANGE,44.99,52.46,79.23,54.49,45.0,58.55,No actionable setup,Wait for trend and risk conditions to align,57.96,42.08,55.0,25.0,51.01,10.0,0.0,momentum_positive|rr_too_low,rr_too_low,0.0,NO_TRADE,OK,unverified,daily_cycle
2026-09-01,20260901_SPX_NONE_NO_TRADE,SPX,NONE,NO_TRADE,NO_TRADE,,,,,,0.0,0.0,0.0,59.04,36.9,65.96,0.0,RANGE,55.45,53.04,73.87,53.88,45.0,65.77,No actionable setup,Wait for trend and risk conditions to align,63.1,44.69,35.0,25.0,49.73,10.0,0.0,atr_too_low|rr_too_low,low_volatility,0.0,NO_TRADE,OK,unverified,daily_cycle
2026-09-01,20260901_US10Y_LONG_A-Momentum,US10Y,LONG,B,A-Momentum,4.77926,4.80158,4.59742,5.07992,5.27292,1.5,0.586,0.465,66.59,4.98,33.41,0.5,UPTREND,76.34,66.92,66.1,57.24,65.0,61.04,Close below SL or loss of MA20 support,TP1 then TP2 from next sessions,95.02,79.15,80.0,0.0,86.96,60.0,80.58,trend_up|ma_alignment_bull|momentum_positive|breakout_up,,79.65,WATCH,OK,unverified,daily_cycle
2026-09-02,20260902_USDJPY_NONE_NO_TRADE,USDJPY,NONE,NO_TRADE,NO_TRADE,,,,,,0.0,0.0,0.0,57.31,45.43,67.69,0.0,RANGE,43.23,53.01,74.11,58.77,45.0,69.43,No actionable setup,Wait for trend and risk conditions to align,45.43,53.16,35.0,25.0,46.51,10.0,0.0,momentum_positive|atr_too_low|rr_too_low,low_volatility,0.0,NO_TRADE,OK,unverified,daily_cycle
2026-09-01,20260901_VIX_NONE_NO_TRADE,VIX,NONE,NO_TRADE,NO_TRADE,,,,,,0.0,0.0,0.0,53.63,22.0,71.37,0.0,RANGE,49.01,78.8,78.52,58.13,45.0,4.24,No actionable setup,Wait for trend and risk conditions to align,22.0,75.0,35.0,25.0,45.95,10.0,0.0,momentum_negative|atr_too_low|rr_too_low|range_middle,low_volatility,0.0,NO_TRADE,OK,unverified,daily_cycle
2026-09-01,20260901_WTI_LONG_A-Momentum,WTI,LONG,B,A-Momentum,89.83514,91.10829,73.92171,115.29672,131.84673,1.5,0.582,0.455,64.94,0.0,35.06,0.5,UPTREND,77.62,100.0,57.69,50.4,65.0,32.93,Close below SL or loss of MA20 support,TP1 then TP2 from next sessions,100.0,85.0,65.0,0.0,87.75,60.0,86.49,trend_up|ma_alignment_bull|momentum_positive|breakout_up|overextended,,81.82,WATCH,OK,unverified,daily_cycle
2026-09-02,20260902_BTC_NONE_NO_TRADE,BTC,NONE,NO_TRADE,NO_TRADE,,,,,,0.0,0.0,0.0,59.0,0.0,66.0,0.0,UPTREND,75.27,54.67,79.43,46.54,45.0,30.76,No actionable setup,Wait for trend and risk conditions to align,100.0,45.26,55.0,25.0,66.84,10.0,0.0,trend_up|ma_alignment_bull|momentum_positive|rr_too_low,rr_too_low,0.0,NO_TRADE,OK,unverified,daily_cycle
2026-09-02,20260902_DXY_NONE_NO_TRADE,DXY,NONE,NO_TRADE,NO_TRADE,,,,,,0.0,0.0,0.0,59.82,39.3,65.18,0.0,RANGE,34.6,52.05,94.84,62.35,45.0,70.27,No actionable setup,Wait for trend and risk conditions to align,39.3,50.76,35.0,25.0,43.52,20.0,0.0,atr_too_low|rr_too_low|pullback_to_ma20,low_volatility,0.0,NO_TRADE,OK,unverified,daily_cycle
2026-09-02,20260902_ETH_NONE_NO_TRADE,ETH,NONE,NO_TRADE,NO_TRADE,,,,,,0.0,0.0,0.0,61.3,0.0,63.7,0.0,UPTREND,73.74,62.05,86.25,59.74,45.0,18.97,No actionable setup,Wait for trend and risk conditions to align,100.0,35.71,65.0,25.0,65.5,10.0,0.0,trend_up|ma_alignment_bull|momentum_positive|rr_too_low,rr_too_low,0.0,NO_TRADE,OK,unverified,daily_cycle
2026-09-02,20260902_GOLD_NONE_NO_TRADE,GOLD,NONE,NO_TRADE,NO_TRADE,,,,,,0.0,0.0,0.0,68.98,23.62,56.02,0.0,RANGE,70.44,68.51,94.35,65.02,45.0,53.17,No actionable setup,Wait for trend and risk conditions to align,76.38,48.1,80.0,25.0,64.57,20.0,0.0,momentum_positive|rr_too_low|range_middle|pullback_to_ma20,rr_too_low,0.0,NO_TRADE,OK,unverified,daily_cycle
2026-09-02,20260902_NASDAQ_NONE_NO_TRADE,NASDAQ,NONE,NO_TRADE,NO_TRADE,,,,,,0.0,0.0,0.0,55.76,47.65,69.24,0.0,RANGE,45.83,51.97,81.26,45.73,45.0,59.31,No actionable setup,Wait for trend and risk conditions to align,52.35,49.65,35.0,25.0,47.7,10.0,0.0,rsi_oversold|atr_too_low|rr_too_low,low_volatility,0.0,NO_TRADE,OK,unverified,daily_cycle
2026-09-02,20260902_SPX_NONE_NO_TRADE,SPX,NONE,NO_TRADE,NO_TRADE,,,,,,0.0,0.0,0.0,61.22,40.83,63.78,0.0,RANGE,59.07,50.91,84.29,50.47,45.0,65.9,No actionable setup,Wait for trend and risk conditions to align,59.17,51.63,35.0,25.0,50.78,10.0,0.0,atr_too_low|rr_too_low,low_volatility,0.0,NO_TRADE,OK,unverified,daily_cycle
2026-09-02,20260902_US10Y_LONG_B-Watch,US10Y,LONG,B,B-Watch,4.77905,4.80165,4.59735,5.07985,5.27285,1.5,0.582,0.455,64.75,2.76,35.25,0.5,UPTREND,75.79,66.92,67.74,57.24,45.0,60.86,Close below SL or loss of MA20 support,TP1 then TP2 from next sessions,97.24,60.15,65.0,0.0,78.09,60.0,54.46,trend_up|ma_alignment_bull|momentum_positive,,67.38,WATCH,OK,unverified,daily_cycle
2026-09-03,20260903_USDJPY_NONE_NO_TRADE,USDJPY,NONE,NO_TRADE,NO_TRADE,,,,,,0.0,0.0,0.0,58.97,19.23,66.03,0.0,DOWNTREND,33.07,51.29,93.39,64.01,45.0,68.19,No actionable setup,Wait for trend and risk conditions to align,19.23,45.01,65.0,25.0,40.48,20.0,0.0,trend_down|ma_alignment_bear|momentum_positive|rr_too_low|range_middle|pullback_to_ma20,rr_too_low,0.0,NO_TRADE,OK,unverified,daily_cycle
2026-09-02,20260902_VIX_NONE_NO_TRADE,VIX,NONE,NO_TRADE,NO_TRADE,,,,,,0.0,0.0,0.0,52.18,22.78,72.82,0.0,RANGE,41.11,50.33,99.31,66.62,45.0,0.0,No actionable setup,Wait for trend and risk conditions to align,22.78,39.8,35.0,25.0,33.91,20.0,0.0,momentum_negative|atr_too_low|rr_too_low|pullback_to_ma20,low_volatility,0.0,NO_TRADE,OK,unverified,daily_cycle
2026-09-02,20260902_WTI_LONG_B-Watch,WTI,LONG,B,B-Watch,89.81214,91.00928,74.27071,114.62071,130.76071,1.5,0.582,0.455,64.8,0.0,35.2,0.5,UPTREND,78.25,100.0,59.97,42.87,65.0,35.41,Close below SL or loss of MA20 support,TP1 then TP2 from next sessions,100.0,62.72,65.0,0.0,79.95,60.0,56.13,trend_up|ma_alignment_bull|momentum_positive|rsi_overbought|overextended,,68.81,WATCH,OK,unverified,daily_cycle
2026-09-03,20260903_BTC_LONG_B-Watch,BTC,LONG,B,B-Watch,80329.84559,81488.87439,62358.81702,108735.17444,127285.71741,1.5,0.574,0.435,61.79,0.0,38.21,0.5,UPTREND,85.18,68.87,60.1,45.47,65.0,32.18,Close below SL or loss of MA20 support,TP1 then TP2 from next sessions,100.0,71.32,55.0,0.0,80.96,60.0,67.21,trend_up|ma_alignment_bull|momentum_positive|rsi_overbought,,72.64,WATCH,OK,unverified,daily_cycle
2026-09-03,20260903_DXY_NONE_NO_TRADE,DXY,NONE,NO_TRADE,NO_TRADE,,,,,,0.0,0.0,0.0,54.03,13.36,70.97,0.0,DOWNTREND,25.3,50.79,82.06,57.82,45.0,69.99,No actionable setup,Wait for trend and risk conditions to align,13.36,46.73,35.0,25.0,33.03,10.0,0.0,trend_down|ma_alignment_bear|atr_too_low|rr_too_low,low_volatility,0.0,NO_TRADE,OK,unverified,daily_cycle
2026-09-03,20260903_ETH_LONG_B-Watch,ETH,LONG,B,B-Watch,2467.81575,2512.90126,1856.62035,3440.96574,4074.70389,1.5,0.574,0.435,61.78,0.0,38.22,0.5,UPTREND,80.98,58.94,72.61,56.87,65.0,20.93,Close below SL or loss of MA20 support,TP1 then TP2 from next sessions,100.0,65.36,65.0,0.0,80.88,60.0,59.45,trend_up|ma_alignment_bull|momentum_positive,,70.27,WATCH,OK,unverified,daily_cycle
2026-09-03,20260903_GOLD_NONE_NO_TRADE,GOLD,NONE,NO_TRADE,NO_TRADE,,,,,,0.0,0.0,0.0,67.14,0.0,57.86,0.0,UPTREND,76.58,59.78,88.49,60.2,45.0,51.99,No actionable setup,Wait for trend and risk conditions to align,100.0,54.13,80.0,25.0,74.95,10.0,0.0,trend_up|ma_alignment_bull|momentum_positive|rr_too_low,rr_too_low,0.0,NO_TRADE,OK,unverified,daily_cycle
2026-09-03,20260903_NASDAQ_NONE_NO_TRADE,NASDAQ,NONE,NO_TRADE,NO_TRADE,,,,,,0.0,0.0,0.0,62.27,48.63,62.73,0.0,RANGE,52.62,53.23,96.92,56.29,45.0,58.69,No actionable setup,Wait for trend and risk conditions to align,51.37,53.51,55.0,25.0,52.71,20.0,0.0,momentum_negative|rr_too_low|range_middle|pullback_to_ma20,rr_too_low,0.0,NO_TRADE,OK,unverified,daily_cycle
2026-09-03,20260903_SPX_NONE_NO_TRADE,SPX,NONE,NO_TRADE,NO_TRADE,,,,,,0.0,0.0,0.0,66.81,15.8,58.19,0.0,UPTREND,67.07,50.65,93.01,63.81,45.0,65.13,No actionable setup,Wait for trend and risk conditions to align,84.2,55.34,35.0,25.0,65.84,20.0,0.0,trend_up|ma_alignment_bull|momentum_negative|atr_too_low|rr_too_low|pullback_to_ma20,low_volatility,0.0,NO_TRADE,OK,unverified,daily_cycle
2026-09-03,20260903_US10Y_NONE_NO_TRADE,US10Y,NONE,NO_TRADE,NO_TRADE,,,,,,0.0,0.0,0.0,65.69,0.0,59.31,0.0,UPTREND,70.67,59.63,80.39,61.65,45.0,61.7,No actionable setup,Wait for trend and risk conditions to align,100.0,52.23,80.0,25.0,74.28,10.0,0.0,trend_up|ma_alignment_bull|momentum_positive|rr_too_low,rr_too_low,0.0,NO_TRADE,OK,unverified,daily_cycle
2026-09-04,20260904_USDJPY_SHORT_B-Watch,USDJPY,SHORT,B,B-Watch,155.74465,156.27405,160.51535,149.25035,144.74435,1.5,0.543,0.358,49.01,15.29,50.99,0.5,DOWNTREND,21.24,60.81,56.82,46.63,65.0,64.81,Close above SL or recovery above MA20,TP1 then TP2 from next sessions,15.29,33.93,65.0,0.0,75.77,60.0,67.47,trend_down|ma_alignment_bear,,70.13,WATCH,OK,unverified,daily_cycle
2026-09-03,20260903_VIX_NONE_NO_TRADE,VIX,NONE,NO_TRADE,NO_TRADE,,,,,,0.0,0.0,0.0,49.75,0.0,75.25,0.0,DOWNTREND,35.74,56.55,86.98,69.6,45.0,0.0,No actionable setup,Wait for trend and risk conditions to align,0.0,36.07,35.0,25.0,74.37,10.0,0.0,trend_down|ma_alignment_bear|momentum_negative|atr_too_low|rr_too_low,low_volatility,0.0,NO_TRADE,OK,unverified,daily_cycle
2026-09-03,20260903_WTI_LONG_B-Watch,WTI,LONG,B,B-Watch,90.92386,92.15871,76.22128,114.52129,129.8413,1.5,0.582,0.455,64.68,0.0,35.32,0.5,UPTREND,79.21,99.8,58.88,42.88,65.0,34.67,Close below SL or loss of MA20 support,TP1 then TP2 from next sessions,100.0,64.61,65.0,0.0,80.62,60.0,58.5,trend_up|ma_alignment_bull|momentum_positive|rsi_overbought|overextended,,69.86,WATCH,OK,unverified,daily_cycle
2026-09-04,20260904_BTC_NONE_NO_TRADE,BTC,NONE,NO_TRADE,NO_TRADE,,,,,,0.0,0.0,0.0,64.18,0.0,60.82,0.0,UPTREND,83.09,63.24,72.05,64.89,45.0,35.17,No actionable setup,Wait for trend and risk conditions to align,100.0,48.42,65.0,25.0,69.95,10.0,0.0,trend_up|ma_alignment_bull|momentum_positive|rr_too_low,rr_too_low,0.0,NO_TRADE,OK,unverified,daily_cycle
2026-09-04,20260904_DXY_NONE_NO_TRADE,DXY,NONE,NO_TRADE,NO_TRADE,,,,,,0.0,0.0,0.0,57.48,12.77,67.52,0.0,DOWNTREND,29.49,52.72,89.9,61.52,45.0,69.91,No actionable setup,Wait for trend and risk conditions to align,12.77,49.16,55.0,25.0,37.67,10.0,0.0,trend_down|ma_alignment_bear|rr_too_low,rr_too_low,0.0,NO_TRADE,OK,unverified,daily_cycle
2026-09-04,20260904_ETH_NONE_NO_TRADE,ETH,NONE,NO_TRADE,NO_TRADE,,,,,,0.0,0.0,0.0,62.79,0.0,62.21,0.0,UPTREND,78.77,57.57,83.63,64.57,45.0,23.7,No actionable setup,Wait for trend and risk conditions to align,100.0,44.54,80.0,25.0,71.59,10.0,0.0,trend_up|ma_alignment_bull|momentum_positive|rr_too_low,rr_too_low,0.0,NO_TRADE,OK,unverified,daily_cycle
2026-09-04,20260904_GOLD_NONE_NO_TRADE,GOLD,NONE,NO_TRADE,NO_TRADE,,,,,,0.0,0.0,0.0,66.84,0.0,58.16,0.0,UPTREND,70.84,50.1,98.48,65.55,45.0,50.59,No actionable setup,Wait for trend and risk conditions to align,100.0,48.33,80.0,25.0,72.91,20.0,0.0,trend_up|ma_alignment_bull|momentum_positive|rr_too_low|range_middle|pullback_to_ma20,rr_too_low,0.0,NO_TRADE,OK,unverified,daily_cycle
2026-09-04,20260904_NASDAQ_NONE_NO_TRADE,NASDAQ,NONE,NO_TRADE,NO_TRADE,,,,,,0.0,0.0,0.0,62.41,45.29,62.59,0.0,RANGE,53.0,50.53,98.46,57.58,45.0,58.32,No actionable setup,Wait for trend and risk conditions to align,54.71,50.29,55.0,25.0,52.75,20.0,0.0,momentum_negative|rr_too_low|range_middle|pullback_to_ma20,rr_too_low,0.0,NO_TRADE,OK,unverified,daily_cycle
2026-09-04,20260904_SPX_NONE_NO_TRADE,SPX,NONE,NO_TRADE,NO_TRADE,,,,,,0.0,0.0,0.0,66.17,39.01,58.83,0.0,RANGE,61.38,50.45,97.35,63.73,45.0,64.86,No actionable setup,Wait for trend and risk conditions to align,60.99,47.17,35.0,25.0,49.85,20.0,0.0,atr_too_low|rr_too_low|range_middle|pullback_to_ma20,low_volatility,0.0,NO_TRADE,OK,unverified,daily_cycle
2026-09-04,20260904_US10Y_NONE_NO_TRADE,US10Y,NONE,NO_TRADE,NO_TRADE,,,,,,0.0,0.0,0.0,64.73,0.58,60.27,0.0,UPTREND,71.99,56.78,75.92,62.31,45.0,61.26,No actionable setup,Wait for trend and risk conditions to align,99.42,56.38,80.0,25.0,80.53,10.0,48.81,trend_up|ma_alignment_bull|momentum_positive|rr_too_low,rr_too_low,0.0,NO_TRADE,OK,unverified,daily_cycle
2026-09-04,20260904_USDJPY_SHORT_TREND,USDJPY,SHORT,A,TREND,156.08525,156.62822,160.51874,150.11373,145.95172,1.5,0.547,0.368,50.8,15.59,49.2,1.0,DOWNTREND,23.94,59.73,62.23,48.16,65.0,64.57,Close above SL or recovery above MA20,TP1 then TP2 from next sessions,15.59,35.66,65.0,0.0,75.06,75.0,65.39,trend_down|ma_alignment_bear,,72.15,TRADE,OK,unverified,daily_cycle
2026-09-04,20260904_VIX_NONE_NO_TRADE,VIX,NONE,NO_TRADE,NO_TRADE,,,,,,0.0,0.0,0.0,49.89,0.0,75.11,0.0,DOWNTREND,37.54,53.46,90.44,65.99,45.0,0.0,No actionable setup,Wait for trend and risk conditions to align,0.0,59.41,35.0,25.0,32.79,10.0,0.0,trend_down|ma_alignment_bear|momentum_negative|atr_too_low|rr_too_low,low_volatility,0.0,NO_TRADE,OK,unverified,daily_cycle
2026-09-04,20260904_WTI_LONG_B-Watch,WTI,LONG,B,B-Watch,90.23793,91.54736,77.46264,111.03765,124.46766,1.5,0.579,0.447,63.42,0.0,36.58,0.5,UPTREND,75.09,96.88,68.12,48.02,45.0,31.94,Close below SL or loss of MA20 support,TP1 then TP2 from next sessions,100.0,59.56,80.0,0.0,81.85,60.0,52.27,trend_up|ma_alignment_bull|momentum_positive|overextended,,68.6,WATCH,OK,unverified,daily_cycle
2026-09-05,20260905_BTC_NONE_NO_TRADE,BTC,NONE,NO_TRADE,NO_TRADE,,,,,,0.0,0.0,0.0,63.82,0.0,61.18,0.0,UPTREND,83.71,57.82,76.45,59.37,45.0,36.86,No actionable setup,Wait for trend and risk conditions to align,100.0,55.35,80.0,25.0,80.37,10.0,47.29,trend_up|ma_alignment_bull|momentum_positive|rr_too_low,rr_too_low,0.0,NO_TRADE,OK,unverified,daily_cycle
2026-09-05,20260905_ETH_NONE_NO_TRADE,ETH,NONE,NO_TRADE,NO_TRADE,,,,,,0.0,0.0,0.0,63.25,0.0,61.75,0.0,UPTREND,81.57,52.62,83.55,64.47,45.0,27.19,No actionable setup,Wait for trend and risk conditions to align,100.0,56.4,80.0,25.0,80.74,10.0,48.51,trend_up|ma_alignment_bull|momentum_positive|rr_too_low,rr_too_low,0.0,NO_TRADE,OK,unverified,daily_cycle
2026-09-06,20260906_BTC_LONG_B-Watch,BTC,LONG,B,B-Watch,79438.48521,80406.0466,63738.43387,104198.01396,120381.84599,1.5,0.591,0.477,68.59,0.0,31.41,0.5,UPTREND,85.59,67.83,78.28,60.31,65.0,38.79,Close below SL or loss of MA20 support,TP1 then TP2 from next sessions,100.0,62.83,80.0,0.0,82.99,60.0,56.27,trend_up|ma_alignment_bull|momentum_positive,,70.38,WATCH,OK,unverified,daily_cycle
2026-09-06,20260906_DXY_NONE_NO_TRADE,DXY,NONE,NO_TRADE,NO_TRADE,,,,,,0.0,0.0,0.0,57.43,12.09,67.57,0.0,DOWNTREND,29.63,51.43,90.62,61.17,45.0,70.03,No actionable setup,Wait for trend and risk conditions to align,12.09,49.07,35.0,25.0,33.41,10.0,0.0,trend_down|ma_alignment_bear|momentum_negative|atr_too_low|rr_too_low,low_volatility,0.0,NO_TRADE,OK,unverified,daily_cycle
2026-09-06,20260906_ETH_LONG_B-Watch,ETH,LONG,B,B-Watch,2481.44083,2518.73294,1875.15476,3437.48507,4062.4172,1.5,0.592,0.48,68.95,0.0,31.05,0.5,UPTREND,84.88,68.94,82.62,65.38,65.0,30.42,Close below SL or loss of MA20 support,TP1 then TP2 from next sessions,100.0,67.14,80.0,0.0,84.5,60.0,61.72,trend_up|ma_alignment_bull|momentum_positive,,72.77,WATCH,OK,unverified,daily_cycle
2026-09-06,20260906_GOLD_LONG_A-Pullback,GOLD,LONG,B,A-Pullback,4451.76223,4484.87939,4283.92091,4744.92066,4929.32056,1.5,0.595,0.487,69.9,0.0,30.1,0.5,UPTREND,72.19,55.13,99.19,62.13,65.0,52.81,Close below SL or loss of MA20 support,TP1 then TP2 from next sessions,100.0,58.36,80.0,0.0,81.43,100.0,50.83,trend_up|ma_alignment_bull|momentum_positive|range_middle|pullback_to_ma20,,75.96,WATCH,OK,unverified,daily_cycle
2026-09-06,20260906_NASDAQ_NONE_NO_TRADE,NASDAQ,NONE,NO_TRADE,NO_TRADE,,,,,,0.0,0.0,0.0,64.94,18.3,60.06,0.0,UPTREND,54.12,50.89,99.34,69.46,45.0,59.93,No actionable setup,Wait for trend and risk conditions to align,81.7,50.53,35.0,25.0,58.28,20.0,0.0,trend_up|ma_alignment_bull|atr_too_low|rr_too_low|range_middle|pullback_to_ma20,low_volatility,0.0,NO_TRADE,OK,unverified,daily_cycle
2026-09-06,20260906_SPX_NONE_NO_TRADE,SPX,NONE,NO_TRADE,NO_TRADE,,,,,,0.0,0.0,0.0,67.9,38.23,57.1,0.0,RANGE,62.12,51.49,99.94,68.94,45.0,65.45,No actionable setup,Wait for trend and risk conditions to align,61.77,50.9,35.0,25.0,51.43,20.0,0.0,atr_too_low|rr_too_low|range_middle|pullback_to_ma20,low_volatility,0.0,NO_TRADE,OK,unverified,daily_cycle
2026-09-07,20260907_USDJPY_SHORT_B-Watch,USDJPY,SHORT,B,B-Watch,155.98507,156.52881,160.51893,149.86395,145.60196,1.5,0.544,0.36,49.42,11.35,50.58,0.5,DOWNTREND,24.13,62.49,62.5,48.89,45.0,64.55,Close above SL or recovery above MA20,TP1 then TP2 from next sessions,11.35,43.98,65.0,0.0,73.63,75.0,53.6,trend_down|ma_alignment_bear|momentum_negative,,67.9,WATCH,OK,unverified,daily_cycle
2026-09-06,20260906_WTI_LONG_B-Watch,WTI,LONG,B,B-Watch,90.50543,91.80486,79.29515,108.94514,120.80513,1.5,0.574,0.435,61.61,0.0,38.39,0.5,UPTREND,74.82,83.35,69.1,48.2,45.0,32.39,Close below SL or loss of MA20 support,TP1 then TP2 from next sessions,100.0,65.0,65.0,0.0,80.75,60.0,58.99,trend_up|ma_alignment_bull|momentum_positive,,70.07,WATCH,OK,unverified,daily_cycle
2026-09-07,20260907_BTC_NONE_NO_TRADE,BTC,NONE,NO_TRADE,NO_TRADE,,,,,,0.0,0.0,0.0,68.91,0.0,56.09,0.0,UPTREND,82.45,62.09,90.82,69.18,45.0,39.6,No actionable setup,Wait for trend and risk conditions to align,100.0,49.91,80.0,25.0,73.47,10.0,0.0,trend_up|ma_alignment_bull|momentum_positive|rr_too_low,rr_too_low,0.0,NO_TRADE,OK,unverified,daily_cycle
2026-09-07,20260907_DXY_NONE_NO_TRADE,DXY,NONE,NO_TRADE,NO_TRADE,,,,,,0.0,0.0,0.0,58.2,12.13,66.8,0.0,DOWNTREND,31.32,51.28,92.33,61.7,45.0,69.74,No actionable setup,Wait for trend and risk conditions to align,12.13,49.31,65.0,25.0,39.51,20.0,0.0,trend_down|ma_alignment_bear|momentum_negative|rr_too_low|range_middle,rr_too_low,0.0,NO_TRADE,OK,unverified,daily_cycle
2026-09-07,20260907_ETH_LONG_A-Pullback,ETH,LONG,B,A-Pullback,2466.16055,2502.53307,1895.98927,3366.88312,3955.24066,1.5,0.593,0.482,69.24,0.0,30.76,0.5,UPTREND,83.25,71.31,91.1,68.84,45.0,31.24,Close below SL or loss of MA20 support,TP1 then TP2 from next sessions,100.0,58.59,80.0,0.0,81.51,70.0,51.11,trend_up|ma_alignment_bull|momentum_positive,,70.08,WATCH,OK,unverified,daily_cycle
2026-09-07,20260907_GOLD_NONE_NO_TRADE,GOLD,NONE,NO_TRADE,NO_TRADE,,,,,,0.0,0.0,0.0,67.42,24.05,57.58,0.0,RANGE,71.12,53.94,98.62,62.79,45.0,52.68,No actionable setup,Wait for trend and risk conditions to align,75.95,56.45,80.0,25.0,67.34,20.0,0.0,momentum_positive|rr_too_low|range_middle|pullback_to_ma20,rr_too_low,0.0,NO_TRADE,OK,unverified,daily_cycle
2026-09-07,20260907_NASDAQ_NONE_NO_TRADE,NASDAQ,NONE,NO_TRADE,NO_TRADE,,,,,,0.0,0.0,0.0,64.91,18.26,60.09,0.0,UPTREND,54.25,51.05,98.9,69.72,45.0,59.65,No actionable setup,Wait for trend and risk conditions to align,81.74,50.8,35.0,25.0,58.39,20.0,0.0,trend_up|ma_alignment_bull|atr_too_low|rr_too_low|range_middle|pullback_to_ma20,low_volatility,0.0,NO_TRADE,OK,unverified,daily_cycle
2026-09-07,20260907_SPX_NONE_NO_TRADE,SPX,NONE,NO_TRADE,NO_TRADE,,,,,,0.0,0.0,0.0,66.5,38.48,58.5,0.0,RANGE,60.08,50.58,96.14,69.23,45.0,65.19,No actionable setup,Wait for trend and risk conditions to align,61.52,49.44,35.0,25.0,50.84,20.0,0.0,atr_too_low|rr_too_low|range_middle|pullback_to_ma20,low_volatility,0.0,NO_TRADE,OK,unverified,daily_cycle
2026-09-08,20260908_USDJPY_SHORT_B-Watch,USDJPY,SHORT,B,B-Watch,153.72328,154.33814,160.53671,144.27171,137.76571,1.5,0.532,0.33,44.99,5.97,55.01,0.5,DOWNTREND,16.27,68.37,43.61,39.98,65.0,63.01,Close above SL or recovery above MA20,TP1 then TP2 from next sessions,5.97,16.55,65.0,45.03,76.11,60.0,87.29,trend_down|ma_alignment_bear|momentum_negative|breakout_down|rsi_oversold,,76.24,WATCH,OK,unverified,daily_cycle
2026-09-07,20260907_VIX_NONE_NO_TRADE,VIX,NONE,NO_TRADE,NO_TRADE,,,,,,0.0,0.0,0.0,54.14,25.03,70.86,0.0,RANGE,43.7,62.73,96.47,66.76,45.0,0.0,No actionable setup,Wait for trend and risk conditions to align,25.03,67.64,35.0,25.0,44.43,20.0,0.0,momentum_negative|atr_too_low|rr_too_low|range_middle|pullback_to_ma20,low_volatility,0.0,NO_TRADE,OK,unverified,daily_cycle
2026-09-07,20260907_WTI_LONG_B-Watch,WTI,LONG,B,B-Watch,91.58693,92.92435,79.28565,111.71062,124.68061,1.5,0.579,0.447,63.66,0.0,36.34,0.5,UPTREND,76.72,89.82,64.3,45.98,65.0,31.67,Close below SL or loss of MA20 support,TP1 then TP2 from next sessions,100.0,66.07,80.0,0.0,84.12,60.0,60.34,trend_up|ma_alignment_bull|momentum_positive|rsi_overbought|overextended,,72.16,WATCH,OK,unverified,daily_cycle
2026-09-08,20260908_BTC_NONE_NO_TRADE,BTC,NONE,NO_TRADE,NO_TRADE,,,,,,0.0,0.0,0.0,71.3,0.0,53.7,0.0,UPTREND,80.52,67.39,99.92,69.53,45.0,40.98,No actionable setup,Wait for trend and risk conditions to align,100.0,35.32,80.0,25.0,68.36,20.0,0.0,trend_up|ma_alignment_bull|momentum_positive|rr_too_low|pullback_to_ma20,rr_too_low,0.0,NO_TRADE,OK,unverified,daily_cycle
2026-09-08,20260908_DXY_NONE_NO_TRADE,DXY,NONE,NO_TRADE,NO_TRADE,,,,,,0.0,0.0,0.0,53.64,11.65,71.36,0.0,DOWNTREND,25.46,52.99,79.19,56.92,45.0,69.66,No actionable setup,Wait for trend and risk conditions to align,11.65,46.57,65.0,25.0,38.38,10.0,0.0,trend_down|ma_alignment_bear|momentum_negative|rr_too_low,rr_too_low,0.0,NO_TRADE,OK,unverified,daily_cycle
2026-09-08,20260908_ETH_NONE_NO_TRADE,ETH,NONE,NO_TRADE,NO_TRADE,,,,,,0.0,0.0,0.0,67.12,0.0,57.88,0.0,UPTREND,82.8,54.58,94.85,65.6,45.0,32.83,No actionable setup,Wait for trend and risk conditions to align,100.0,46.06,80.0,25.0,72.12,20.0,0.0,trend_up|ma_alignment_bull|momentum_positive|rr_too_low|pullback_to_ma20,rr_too_low,0.0,NO_TRADE,OK,unverified,daily_cycle
2026-09-08,20260908_GOLD_NONE_NO_TRADE,GOLD,NONE,NO_TRADE,NO_TRADE,,,,,,0.0,0.0,0.0,63.91,25.47,61.09,0.0,RANGE,65.4,53.2,85.35,67.33,45.0,52.73,No actionable setup,Wait for trend and risk conditions to align,74.53,45.02,80.0,25.0,62.84,10.0,0.0,momentum_positive|rr_too_low,rr_too_low,0.0,NO_TRADE,OK,unverified,daily_cycle
2026-09-08,20260908_NASDAQ_NONE_NO_TRADE,NASDAQ,NONE,NO_TRADE,NO_TRADE,,,,,,0.0,0.0,0.0,64.18,43.53,60.82,0.0,RANGE,53.09,50.06,98.42,68.22,45.0,59.9,No actionable setup,Wait for trend and risk conditions to align,56.47,49.21,35.0,25.0,48.99,20.0,0.0,atr_too_low|rr_too_low|range_middle|pullback_to_ma20,low_volatility,0.0,NO_TRADE,OK,unverified,daily_cycle
2026-09-08,20260908_SPX_NONE_NO_TRADE,SPX,NONE,NO_TRADE,NO_TRADE,,,,,,0.0,0.0,0.0,63.46,39.04,61.54,0.0,RANGE,56.18,51.4,88.07,65.6,45.0,64.98,No actionable setup,Wait for trend and risk conditions to align,60.96,46.28,35.0,25.0,49.54,10.0,0.0,atr_too_low|rr_too_low,low_volatility,0.0,NO_TRADE,OK,unverified,daily_cycle
2026-09-08,20260908_US10Y_NONE_NO_TRADE,US10Y,NONE,NO_TRADE,NO_TRADE,,,,,,0.0,0.0,0.0,63.09,2.13,61.91,0.0,UPTREND,73.62,55.04,70.83,57.29,45.0,61.14,No actionable setup,Wait for trend and risk conditions to align,97.87,55.33,80.0,25.0,79.62,10.0,48.41,trend_up|ma_alignment_bull|momentum_positive|rr_too_low,rr_too_low,0.0,NO_TRADE,OK,unverified,daily_cycle
2026-09-09,20260909_USDJPY_SHORT_B-Watch,USDJPY,SHORT,B,B-Watch,153.35731,153.97208,160.53669,143.3567,136.48471,1.5,0.533,0.333,45.33,3.31,54.67,0.5,DOWNTREND,15.31,70.87,42.7,42.59,65.0,62.99,Close above SL or recovery above MA20,TP1 then TP2 from next sessions,3.31,36.36,65.0,15.0,76.11,60.0,59.03,trend_down|ma_alignment_bear|momentum_negative|rsi_oversold,,67.77,WATCH,OK,unverified,daily_cycle
2026-09-08,20260908_VIX_NONE_NO_TRADE,VIX,NONE,NO_TRADE,NO_TRADE,,,,,,0.0,0.0,0.0,54.2,33.4,70.8,0.0,RANGE,47.06,68.97,89.42,64.74,45.0,0.0,No actionable setup,Wait for trend and risk conditions to align,33.4,48.62,35.0,25.0,40.71,10.0,0.0,atr_too_low|rr_too_low,low_volatility,0.0,NO_TRADE,OK,unverified,daily_cycle
2026-09-08,20260908_WTI_LONG_A-Momentum,WTI,LONG,B,A-Momentum,93.35472,94.70843,79.28157,116.15658,130.90659,1.5,0.58,0.45,64.01,0.0,35.99,0.5,UPTREND,80.52,100.0,55.74,42.92,65.0,31.97,Close below SL or loss of MA20 support,TP1 then TP2 from next sessions,100.0,85.0,80.0,0.0,90.75,60.0,86.49,trend_up|ma_alignment_bull|momentum_positive|breakout_up|rsi_overbought|overextended,,83.32,WATCH,OK,unverified,daily_cycle
2026-09-09,20260909_BTC_NONE_NO_TRADE,BTC,NONE,NO_TRADE,NO_TRADE,,,,,,0.0,0.0,0.0,68.25,22.0,56.75,0.0,RANGE,78.38,59.31,95.97,66.68,45.0,40.4,No actionable setup,Wait for trend and risk conditions to align,78.0,42.81,80.0,25.0,63.28,20.0,0.0,momentum_positive|rr_too_low|range_middle|pullback_to_ma20,rr_too_low,0.0,NO_TRADE,OK,unverified,daily_cycle
2026-09-09,20260909_DXY_NONE_NO_TRADE,DXY,NONE,NO_TRADE,NO_TRADE,,,,,,0.0,0.0,0.0,54.55,11.7,70.45,0.0,DOWNTREND,22.56,54.45,76.78,69.05,45.0,70.2,No actionable setup,Wait for trend and risk conditions to align,11.7,47.04,35.0,25.0,32.56,10.0,0.0,trend_down|ma_alignment_bear|momentum_negative|atr_too_low|rr_too_low,low_volatility,0.0,NO_TRADE,OK,unverified,daily_cycle
2026-09-09,20260909_ETH_NONE_NO_TRADE,ETH,NONE,NO_TRADE,NO_TRADE,,,,,,0.0,0.0,0.0,66.74,22.0,58.26,0.0,RANGE,79.95,51.53,99.31,65.16,45.0,32.6,No actionable setup,Wait for trend and risk conditions to align,78.0,46.62,80.0,25.0,64.62,20.0,0.0,momentum_positive|rr_too_low|range_middle|pullback_to_ma20,rr_too_low,0.0,NO_TRADE,OK,unverified,daily_cycle
2026-09-09,20260909_GOLD_NONE_NO_TRADE,GOLD,NONE,NO_TRADE,NO_TRADE,,,,,,0.0,0.0,0.0,68.31,29.92,56.69,0.0,RANGE,71.04,61.04,93.08,66.41,45.0,55.46,No actionable setup,Wait for trend and risk conditions to align,70.08,62.32,65.0,25.0,64.34,20.0,0.0,momentum_positive|rr_too_low|range_middle|pullback_to_ma20,rr_too_low,0.0,NO_TRADE,OK,unverified,daily_cycle
2026-09-09,20260909_NASDAQ_NONE_NO_TRADE,NASDAQ,NONE,NO_TRADE,NO_TRADE,,,,,,0.0,0.0,0.0,63.65,45.1,61.35,0.0,RANGE,51.39,55.15,94.46,67.79,45.0,59.79,No actionable setup,Wait for trend and risk conditions to align,54.9,51.17,35.0,25.0,49.13,20.0,0.0,momentum_negative|atr_too_low|rr_too_low|pullback_to_ma20,low_volatility,0.0,NO_TRADE,OK,unverified,daily_cycle
2026-09-09,20260909_SPX_NONE_NO_TRADE,SPX,NONE,NO_TRADE,NO_TRADE,,,,,,0.0,0.0,0.0,60.03,41.48,64.97,0.0,RANGE,52.11,50.31,80.56,60.46,45.0,65.17,No actionable setup,Wait for trend and risk conditions to align,58.52,48.04,35.0,25.0,49.3,10.0,0.0,momentum_negative|atr_too_low|rr_too_low,low_volatility,0.0,NO_TRADE,OK,unverified,daily_cycle
2026-09-09,20260909_US10Y_LONG_A-Momentum,US10Y,LONG,B,A-Momentum,4.82048,4.84251,4.60749,5.1675,5.39151,1.5,0.576,0.44,62.5,0.84,37.5,0.5,UPTREND,76.96,54.27,62.97,45.47,65.0,61.34,Close below SL or loss of MA20 support,TP1 then TP2 from next sessions,99.16,70.79,80.0,0.0,85.48,60.0,66.95,trend_up|ma_alignment_bull|momentum_positive|breakout_up|rsi_overbought,,74.83,WATCH,OK,unverified,daily_cycle
2026-09-10,20260910_USDJPY_SHORT_B-Watch,USDJPY,SHORT,B,B-Watch,153.19843,153.80869,160.53556,142.95556,135.92356,1.5,0.53,0.325,44.18,0.0,55.82,0.5,DOWNTREND,15.18,67.53,43.93,36.75,65.0,63.06,Close above SL or recovery above MA20,TP1 then TP2 from next sessions,0.0,39.07,65.0,49.06,69.51,60.0,53.93,trend_down|ma_alignment_bear|momentum_negative|rsi_oversold,,62.94,WATCH,OK,unverified,daily_cycle
2026-09-09,20260909_VIX_NONE_NO_TRADE,VIX,NONE,NO_TRADE,NO_TRADE,,,,,,0.0,0.0,0.0,57.15,46.0,67.85,0.0,RANGE,52.82,91.45,77.95,67.03,45.0,0.53,No actionable setup,Wait for trend and risk conditions to align,46.0,70.0,35.0,25.0,57.6,10.0,0.0,momentum_positive|atr_too_low|rr_too_low|overextended,low_volatility,0.0,NO_TRADE,OK,unverified,daily_cycle
2026-09-09,20260909_WTI_LONG_A-Momentum,WTI,LONG,B,A-Momentum,96.04557,97.47815,79.26186,123.01186,140.51186,1.5,0.572,0.43,60.85,0.0,39.15,0.5,UPTREND,83.86,88.24,47.51,40.22,65.0,30.75,Close below SL or loss of MA20 support,TP1 then TP2 from next sessions,100.0,85.0,80.0,15.0,87.75,60.0,86.49,trend_up|ma_alignment_bull|momentum_positive|breakout_up|rsi_overbought|overextended,,81.82,WATCH,OK,unverified,daily_cycle
2026-09-10,20260910_BTC_NONE_NO_TRADE,BTC,NONE,NO_TRADE,NO_TRADE,,,,,,0.0,0.0,0.0,64.37,22.0,60.63,0.0,RANGE,72.42,69.62,84.57,56.16,45.0,39.9,No actionable setup,Wait for trend and risk conditions to align,78.0,28.23,80.0,25.0,58.18,10.0,0.0,momentum_positive|rr_too_low,rr_too_low,0.0,NO_TRADE,OK,unverified,daily_cycle
2026-09-10,20260910_DXY_NONE_NO_TRADE,DXY,NONE,NO_TRADE,NO_TRADE,,,,,,0.0,0.0,0.0,58.97,11.26,66.03,0.0,DOWNTREND,30.08,52.36,93.05,66.47,45.0,70.11,No actionable setup,Wait for trend and risk conditions to align,11.26,50.2,35.0,25.0,33.51,20.0,0.0,trend_down|ma_alignment_bear|momentum_negative|atr_too_low|rr_too_low|pullback_to_ma20,low_volatility,0.0,NO_TRADE,OK,unverified,daily_cycle
2026-09-10,20260910_ETH_NONE_NO_TRADE,ETH,NONE,NO_TRADE,NO_TRADE,,,,,,0.0,0.0,0.0,65.83,22.0,59.17,0.0,RANGE,77.19,57.61,95.75,62.58,45.0,32.37,No actionable setup,Wait for trend and risk conditions to align,78.0,40.58,80.0,25.0,62.5,20.0,0.0,momentum_positive|rr_too_low|range_middle|pullback_to_ma20,rr_too_low,0.0,NO_TRADE,OK,unverified,daily_cycle
2026-09-10,20260910_GOLD_NONE_NO_TRADE,GOLD,NONE,NO_TRADE,NO_TRADE,,,,,,0.0,0.0,0.0,58.9,33.64,66.1,0.0,RANGE,61.22,50.76,72.63,57.64,45.0,55.41,No actionable setup,Wait for trend and risk conditions to align,66.36,43.17,65.0,25.0,56.33,10.0,0.0,rr_too_low,rr_too_low,0.0,NO_TRADE,OK,unverified,daily_cycle
2026-09-10,20260910_NASDAQ_NONE_NO_TRADE,NASDAQ,NONE,NO_TRADE,NO_TRADE,,,,,,0.0,0.0,0.0,58.42,48.31,66.58,0.0,RANGE,45.19,51.36,80.98,65.3,45.0,59.51,No actionable setup,Wait for trend and risk conditions to align,51.69,43.38,35.0,25.0,53.73,10.0,0.0,momentum_negative|atr_too_low|rr_too_low,low_volatility,0.0,NO_TRADE,OK,unverified,daily_cycle
2026-09-10,20260910_SPX_NONE_NO_TRADE,SPX,NONE,NO_TRADE,NO_TRADE,,,,,,0.0,0.0,0.0,57.2,44.3,67.8,0.0,RANGE,45.94,54.93,69.07,62.48,45.0,65.29,No actionable setup,Wait for trend and risk conditions to align,55.7,29.23,35.0,25.0,57.27,10.0,0.0,momentum_negative|breakout_down|atr_too_low|rr_too_low,low_volatility,0.0,NO_TRADE,OK,unverified,daily_cycle
2026-09-10,20260910_US10Y_LONG_A-Momentum,US10Y,LONG,B,A-Momentum,4.92632,4.94989,4.60711,5.4346,5.76559,1.5,0.572,0.43,60.99,0.0,39.01,0.5,UPTREND,88.3,65.43,36.71,41.05,65.0,60.7,Close below SL or loss of MA20 support,TP1 then TP2 from next sessions,100.0,84.26,55.0,15.0,82.49,60.0,85.39,trend_up|ma_alignment_bull|momentum_positive|breakout_up|rsi_overbought,,78.86,WATCH,OK,unverified,daily_cycle
2026-09-11,20260911_USDJPY_NONE_NO_TRADE,USDJPY,NONE,NO_TRADE,NO_TRADE,,,,,,0.0,0.0,0.0,47.34,0.39,77.66,0.0,DOWNTREND,23.8,53.64,63.03,45.88,45.0,62.37,No actionable setup,Wait for trend and risk conditions to align,0.39,50.93,40.0,45.0,26.96,10.0,0.0,trend_down|ma_alignment_bear|momentum_negative|rsi_oversold|atr_too_high|rr_too_low,rr_too_low,0.0,NO_TRADE,OK,unverified,daily_cycle
2026-09-10,20260910_VIX_NONE_NO_TRADE,VIX,NONE,NO_TRADE,NO_TRADE,,,,,,0.0,0.0,0.0,55.2,47.66,69.8,0.0,RANGE,62.6,100.0,59.18,53.04,45.0,1.73,No actionable setup,Wait for trend and risk conditions to align,52.34,85.0,35.0,25.0,65.07,10.0,0.0,momentum_positive|breakout_up|atr_too_low|rr_too_low|overextended,low_volatility,0.0,NO_TRADE,OK,unverified,daily_cycle
2026-09-10,20260910_WTI_LONG_A-Momentum,WTI,LONG,B,A-Momentum,102.52707,104.07765,79.23236,139.40736,163.47736,1.5,0.569,0.422,59.76,0.0,40.24,0.5,UPTREND,93.48,100.0,25.49,35.17,65.0,30.14,Close below SL or loss of MA20 support,TP1 then TP2 from next sessions,100.0,85.0,80.0,51.04,80.54,60.0,86.49,trend_up|ma_alignment_bull|momentum_positive|breakout_up|rsi_overbought|overextended,,78.22,WATCH,OK,unverified,daily_cycle
2026-09-11,20260911_BTC_NONE_NO_TRADE,BTC,NONE,NO_TRADE,NO_TRADE,,,,,,0.0,0.0,0.0,67.5,29.45,57.5,0.0,RANGE,74.41,69.66,88.06,67.21,45.0,41.66,No actionable setup,Wait for trend and risk conditions to align,70.55,42.27,65.0,25.0,57.48,10.0,0.0,momentum_positive|rr_too_low,rr_too_low,0.0,NO_TRADE,OK,unverified,daily_cycle
2026-09-11,20260911_DXY_NONE_NO_TRADE,DXY,NONE,NO_TRADE,NO_TRADE,,,,,,0.0,0.0,0.0,59.1,11.46,65.9,0.0,DOWNTREND,31.25,50.48,95.24,64.35,45.0,70.07,No actionable setup,Wait for trend and risk conditions to align,11.46,50.31,35.0,25.0,33.62,20.0,0.0,trend_down|ma_alignment_bear|momentum_negative|atr_too_low|rr_too_low|pullback_to_ma20,low_volatility,0.0,NO_TRADE,OK,unverified,daily_cycle
2026-09-11,20260911_ETH_LONG_A-Pullback,ETH,LONG,B,A-Pullback,2484.24163,2521.25279,2346.93544,2736.46486,2892.27663,1.5,0.586,0.465,66.44,2.9,33.56,0.5,UPTREND,80.38,50.51,91.35,62.54,65.0,30.8,Close below SL or loss of MA20 support,TP1 then TP2 from next sessions,97.1,59.7,80.0,0.0,80.88,100.0,53.98,trend_up|ma_alignment_bull|momentum_positive|range_middle,,76.63,WATCH,OK,unverified,daily_cycle
2026-09-11,20260911_GOLD_NONE_NO_TRADE,GOLD,NONE,NO_TRADE,NO_TRADE,,,,,,0.0,0.0,0.0,61.27,33.66,63.73,0.0,RANGE,63.46,61.32,80.51,49.13,45.0,54.93,No actionable setup,Wait for trend and risk conditions to align,66.34,46.13,65.0,25.0,57.36,10.0,0.0,rr_too_low,rr_too_low,0.0,NO_TRADE,OK,unverified,daily_cycle
2026-09-11,20260911_NASDAQ_NONE_NO_TRADE,NASDAQ,NONE,NO_TRADE,NO_TRADE,,,,,,0.0,0.0,0.0,63.85,48.6,61.15,0.0,RANGE,51.47,52.25,96.62,69.91,45.0,58.91,No actionable setup,Wait for trend and risk conditions to align,48.6,53.05,35.0,25.0,47.58,20.0,0.0,momentum_negative|atr_too_low|rr_too_low|pullback_to_ma20,low_volatility,0.0,NO_TRADE,OK,unverified,daily_cycle
2026-09-11,20260911_SPX_NONE_NO_TRADE,SPX,NONE,NO_TRADE,NO_TRADE,,,,,,0.0,0.0,0.0,63.84,46.04,61.16,0.0,RANGE,53.18,56.06,89.87,66.54,45.0,64.56,No actionable setup,Wait for trend and risk conditions to align,53.96,50.46,35.0,25.0,48.55,10.0,0.0,momentum_negative|atr_too_low|rr_too_low,low_volatility,0.0,NO_TRADE,OK,unverified,daily_cycle
2026-09-11,20260911_US10Y_LONG_A-Momentum,US10Y,LONG,B,A-Momentum,4.9567,4.9811,4.6149,5.4999,5.8539,1.5,0.575,0.437,62.02,0.0,37.98,0.5,UPTREND,89.75,72.36,34.64,41.73,65.0,60.29,Close below SL or loss of MA20 support,TP1 then TP2 from next sessions,100.0,81.55,55.0,15.0,81.54,60.0,81.44,trend_up|ma_alignment_bull|momentum_positive|breakout_up|rsi_overbought,,77.2,WATCH,OK,unverified,daily_cycle
2026-09-11,20260911_VIX_NONE_NO_TRADE,VIX,NONE,NO_TRADE,NO_TRADE,,,,,,0.0,0.0,0.0,60.09,43.64,64.91,0.0,RANGE,48.12,95.08,94.05,69.94,45.0,0.0,No actionable setup,Wait for trend and risk conditions to align,56.36,50.0,35.0,25.0,49.23,20.0,0.0,momentum_positive|atr_too_low|rr_too_low|range_middle|pullback_to_ma20|overextended,low_volatility,0.0,NO_TRADE,OK,unverified,daily_cycle
2026-09-11,20260911_WTI_NONE_NO_TRADE,WTI,NONE,NO_TRADE,NO_TRADE,,,,,,0.0,0.0,0.0,59.83,0.0,65.17,0.0,UPTREND,82.09,97.59,50.59,42.12,45.0,24.85,No actionable setup,Wait for trend and risk conditions to align,100.0,50.0,80.0,40.0,70.5,10.0,0.0,trend_up|ma_alignment_bull|momentum_positive|rsi_overbought|rr_too_low|overextended,rr_too_low,0.0,NO_TRADE,OK,unverified,daily_cycle
2026-09-12,20260912_BTC_NONE_NO_TRADE,BTC,NONE,NO_TRADE,NO_TRADE,,,,,,0.0,0.0,0.0,65.96,36.78,59.04,0.0,RANGE,73.49,61.85,88.78,65.51,45.0,41.5,No actionable setup,Wait for trend and risk conditions to align,63.22,43.33,65.0,25.0,55.71,10.0,41.18,momentum_negative|rr_too_low,rr_too_low,0.0,NO_TRADE,OK,unverified,daily_cycle
2026-09-12,20260912_ETH_LONG_B-Watch,ETH,LONG,B,B-Watch,2495.59891,2533.49372,2346.71453,2766.29399,2934.12578,1.5,0.587,0.467,66.78,6.06,33.22,0.5,UPTREND,79.56,56.64,89.87,62.83,65.0,29.96,Close below SL or loss of MA20 support,TP1 then TP2 from next sessions,93.94,55.83,80.0,0.0,78.42,100.0,50.98,trend_up|ma_alignment_bull|momentum_positive|range_middle,,74.5,WATCH,OK,unverified,daily_cycle
2026-09-13,20260913_BTC_NONE_NO_TRADE,BTC,NONE,NO_TRADE,NO_TRADE,,,,,,0.0,0.0,0.0,64.94,37.26,60.06,0.0,RANGE,71.92,60.49,85.24,66.07,45.0,42.87,No actionable setup,Wait for trend and risk conditions to align,62.74,40.62,65.0,25.0,56.82,10.0,41.4,momentum_negative|rr_too_low,rr_too_low,0.0,NO_TRADE,OK,unverified,daily_cycle
2026-09-13,20260913_DXY_NONE_NO_TRADE,DXY,NONE,NO_TRADE,NO_TRADE,,,,,,0.0,0.0,0.0,60.39,12.27,64.61,0.0,DOWNTREND,32.28,50.07,98.58,67.05,45.0,70.25,No actionable setup,Wait for trend and risk conditions to align,12.27,50.1,35.0,25.0,33.83,20.0,0.0,trend_down|ma_alignment_bear|momentum_negative|atr_too_low|rr_too_low|range_middle|pullback_to_ma20,low_volatility,0.0,NO_TRADE,OK,unverified,daily_cycle
2026-09-13,20260913_ETH_NONE_NO_TRADE,ETH,NONE,NO_TRADE,NO_TRADE,,,,,,0.0,0.0,0.0,65.43,3.04,59.57,0.0,UPTREND,76.09,51.79,98.87,63.85,45.0,31.9,No actionable setup,Wait for trend and risk conditions to align,96.96,39.06,80.0,25.0,68.61,20.0,0.0,trend_up|ma_alignment_bull|momentum_positive|rr_too_low|pullback_to_ma20,rr_too_low,0.0,NO_TRADE,OK,unverified,daily_cycle
2026-09-13,20260913_GOLD_NONE_NO_TRADE,GOLD,NONE,NO_TRADE,NO_TRADE,,,,,,0.0,0.0,0.0,59.12,34.98,65.88,0.0,RANGE,63.11,55.78,75.36,45.61,45.0,57.05,No actionable setup,Wait for trend and risk conditions to align,65.02,47.95,35.0,25.0,51.54,10.0,0.0,rsi_oversold|atr_too_low|rr_too_low,low_volatility,0.0,NO_TRADE,OK,unverified,daily_cycle
2026-09-13,20260913_NASDAQ_NONE_NO_TRADE,NASDAQ,NONE,NO_TRADE,NO_TRADE,,,,,,0.0,0.0,0.0,60.93,45.83,64.07,0.0,RANGE,45.52,57.96,85.11,69.75,45.0,59.12,No actionable setup,Wait for trend and risk conditions to align,45.83,40.25,35.0,25.0,56.87,10.0,0.0,momentum_negative|atr_too_low|rr_too_low,low_volatility,0.0,NO_TRADE,OK,unverified,daily_cycle
2026-09-13,20260913_SPX_NONE_NO_TRADE,SPX,NONE,NO_TRADE,NO_TRADE,,,,,,0.0,0.0,0.0,61.02,47.31,63.98,0.0,RANGE,48.58,56.33,82.6,64.95,45.0,64.43,No actionable setup,Wait for trend and risk conditions to align,52.69,43.9,35.0,25.0,53.19,10.0,0.0,momentum_negative|atr_too_low|rr_too_low,low_volatility,0.0,NO_TRADE,OK,unverified,daily_cycle
2026-09-14,20260914_USDJPY_SHORT_B-Watch,USDJPY,SHORT,B,B-Watch,153.43918,154.11447,160.55182,143.61433,136.83934,1.5,0.539,0.348,47.48,0.76,52.52,0.5,DOWNTREND,21.14,58.29,57.58,41.08,65.0,61.81,Close above SL or recovery above MA20,TP1 then TP2 from next sessions,0.76,42.2,40.0,20.0,68.96,60.0,50.58,trend_down|ma_alignment_bear|momentum_negative|rsi_oversold|atr_too_high,,61.66,WATCH,OK,unverified,daily_cycle
2026-09-13,20260913_WTI_LONG_B-Watch,WTI,LONG,B,B-Watch,101.27164,102.96279,79.19722,136.49721,159.4172,1.5,0.571,0.427,60.47,0.0,39.53,0.5,UPTREND,85.26,100.0,44.61,32.72,65.0,25.52,Close below SL or loss of MA20 support,TP1 then TP2 from next sessions,100.0,70.0,80.0,54.11,74.68,60.0,65.45,trend_up|ma_alignment_bull|momentum_positive|rsi_overbought|overextended,,68.97,WATCH,OK,unverified,daily_cycle
2026-09-15,20260915_BTC_NONE_NO_TRADE,BTC,NONE,NO_TRADE,NO_TRADE,,,,,,0.0,0.0,0.0,67.05,37.8,57.95,0.0,RANGE,75.36,50.44,97.71,68.44,45.0,42.2,No actionable setup,Wait for trend and risk conditions to align,62.2,58.54,65.0,25.0,60.26,20.0,0.0,momentum_negative|rr_too_low|pullback_to_ma20,rr_too_low,0.0,NO_TRADE,OK,unverified,daily_cycle
2026-09-14,20260914_DXY_NONE_NO_TRADE,DXY,NONE,NO_TRADE,NO_TRADE,,,,,,0.0,0.0,0.0,59.32,37.74,65.68,0.0,RANGE,39.44,51.61,87.57,61.34,45.0,70.03,No actionable setup,Wait for trend and risk conditions to align,37.74,52.78,35.0,25.0,43.68,10.0,0.0,atr_too_low|rr_too_low,low_volatility,0.0,NO_TRADE,OK,unverified,daily_cycle
2026-09-15,20260915_ETH_LONG_A-Pullback,ETH,LONG,B,A-Pullback,2487.81399,2524.91519,2346.91293,2745.54208,2904.99374,1.5,0.589,0.472,67.56,3.74,32.44,0.5,UPTREND,77.46,59.88,91.95,64.73,65.0,30.76,Close below SL or loss of MA20 support,TP1 then TP2 from next sessions,96.26,63.72,80.0,0.0,81.99,100.0,59.36,trend_up|ma_alignment_bull|momentum_positive|range_middle,,78.8,WATCH,OK,unverified,daily_cycle
2026-09-14,20260914_GOLD_NONE_NO_TRADE,GOLD,NONE,NO_TRADE,NO_TRADE,,,,,,0.0,0.0,0.0,56.04,35.12,68.96,0.0,RANGE,56.13,61.34,67.13,45.24,45.0,53.96,No actionable setup,Wait for trend and risk conditions to align,64.88,34.17,80.0,25.0,61.33,10.0,38.47,rsi_oversold|rr_too_low,rr_too_low,0.0,NO_TRADE,OK,unverified,daily_cycle
2026-09-14,20260914_NASDAQ_NONE_NO_TRADE,NASDAQ,NONE,NO_TRADE,NO_TRADE,,,,,,0.0,0.0,0.0,63.52,27.46,61.48,0.0,UPTREND,53.03,51.87,98.83,61.25,45.0,60.2,No actionable setup,Wait for trend and risk conditions to align,72.54,50.03,35.0,25.0,54.9,20.0,0.0,trend_up|ma_alignment_bull|momentum_negative|atr_too_low|rr_too_low|pullback_to_ma20,low_volatility,0.0,NO_TRADE,OK,unverified,daily_cycle
2026-09-14,20260914_SPX_NONE_NO_TRADE,SPX,NONE,NO_TRADE,NO_TRADE,,,,,,0.0,0.0,0.0,66.13,21.01,58.87,0.0,UPTREND,57.01,51.72,99.24,67.15,45.0,64.69,No actionable setup,Wait for trend and risk conditions to align,78.99,51.32,35.0,25.0,57.61,20.0,0.0,trend_up|ma_alignment_bull|momentum_negative|atr_too_low|rr_too_low|range_middle|pullback_to_ma20,low_volatility,0.0,NO_TRADE,OK,unverified,daily_cycle
2026-09-14,20260914_US10Y_LONG_B-Watch,US10Y,LONG,B,B-Watch,4.94227,4.96724,4.61476,5.46475,5.80474,1.5,0.569,0.422,59.73,0.0,40.27,0.5,UPTREND,85.83,68.5,43.99,38.07,45.0,59.9,Close below SL or loss of MA20 support,TP1 then TP2 from next sessions,100.0,59.69,55.0,47.41,67.41,60.0,52.43,trend_up|ma_alignment_bull|momentum_positive|rsi_overbought,,61.43,WATCH,OK,unverified,daily_cycle
2026-09-15,20260915_USDJPY_NONE_NO_TRADE,USDJPY,NONE,NO_TRADE,NO_TRADE,,,,,,0.0,0.0,0.0,49.24,1.43,75.76,0.0,DOWNTREND,26.67,51.84,70.17,47.09,45.0,61.35,No actionable setup,Wait for trend and risk conditions to align,1.43,54.35,40.0,45.0,28.52,10.0,0.0,trend_down|ma_alignment_bear|momentum_negative|atr_too_high|rr_too_low,rr_too_low,0.0,NO_TRADE,OK,unverified,daily_cycle
2026-09-14,20260914_VIX_LONG_B-Watch,VIX,LONG,B,B-Watch,16.72007,17.22664,13.67336,21.92335,25.22334,1.5,0.571,0.427,60.31,39.86,39.69,0.5,RANGE,56.01,100.0,77.89,61.56,65.0,0.0,Close below SL or loss of MA20 support,TP1 then TP2 from next sessions,60.14,70.0,55.0,0.0,66.55,75.0,64.52,momentum_positive|overextended,,67.63,WATCH,OK,unverified,daily_cycle
2026-09-14,20260914_WTI_LONG_B-Watch,WTI,LONG,B,B-Watch,100.86779,102.52407,79.20593,135.43093,157.92093,1.5,0.572,0.43,60.75,0.0,39.25,0.5,UPTREND,85.19,100.0,45.22,33.07,65.0,26.34,Close below SL or loss of MA20 support,TP1 then TP2 from next sessions,100.0,70.0,80.0,53.67,74.77,60.0,65.45,trend_up|ma_alignment_bull|momentum_positive|rsi_overbought|overextended,,69.02,WATCH,OK,unverified,daily_cycle
2026-09-15,20260915_DXY_NONE_NO_TRADE,DXY,NONE,NO_TRADE,NO_TRADE,,,,,,0.0,0.0,0.0,58.92,38.95,66.08,0.0,RANGE,42.85,53.91,82.47,57.69,45.0,69.81,No actionable setup,Wait for trend and risk conditions to align,38.95,53.11,65.0,25.0,50.22,10.0,0.0,rr_too_low,rr_too_low,0.0,NO_TRADE,OK,unverified,daily_cycle
2026-09-15,20260915_ETH_NONE_NO_TRADE,ETH,NONE,NO_TRADE,NO_TRADE,,,,,,0.0,0.0,0.0,61.18,35.64,63.82,0.0,RANGE,65.71,57.75,87.2,68.21,45.0,26.14,No actionable setup,Wait for trend and risk conditions to align,64.36,35.35,80.0,25.0,61.1,10.0,39.16,rr_too_low,rr_too_low,0.0,NO_TRADE,OK,unverified,daily_cycle
2026-09-15,20260915_GOLD_NONE_NO_TRADE,GOLD,NONE,NO_TRADE,NO_TRADE,,,,,,0.0,0.0,0.0,53.36,40.8,71.64,0.0,RANGE,51.23,62.76,70.65,39.43,45.0,43.99,No actionable setup,Wait for trend and risk conditions to align,59.2,39.33,80.0,25.0,55.37,10.0,44.72,momentum_negative|rsi_oversold|rr_too_low,rr_too_low,0.0,NO_TRADE,OK,unverified,daily_cycle
2026-09-15,20260915_NASDAQ_NONE_NO_TRADE,NASDAQ,NONE,NO_TRADE,NO_TRADE,,,,,,0.0,0.0,0.0,63.4,46.69,61.6,0.0,RANGE,49.35,54.6,94.88,69.77,45.0,59.53,No actionable setup,Wait for trend and risk conditions to align,46.69,49.22,35.0,25.0,45.57,20.0,0.0,momentum_negative|atr_too_low|rr_too_low|pullback_to_ma20,low_volatility,0.0,NO_TRADE,OK,unverified,daily_cycle
2026-09-15,20260915_SPX_NONE_NO_TRADE,SPX,NONE,NO_TRADE,NO_TRADE,,,,,,0.0,0.0,0.0,64.01,46.33,60.99,0.0,RANGE,53.03,51.14,94.39,66.87,45.0,64.5,No actionable setup,Wait for trend and risk conditions to align,53.67,51.81,35.0,25.0,48.92,20.0,0.0,momentum_negative|atr_too_low|rr_too_low|pullback_to_ma20,low_volatility,0.0,NO_TRADE,OK,unverified,daily_cycle
2026-09-15,20260915_US10Y_LONG_B-Watch,US10Y,LONG,B,B-Watch,4.97753,5.00216,4.61484,5.55235,5.92736,1.5,0.568,0.42,59.18,0.0,40.82,0.5,UPTREND,89.53,69.77,36.96,22.72,65.0,60.21,Close below SL or loss of MA20 support,TP1 then TP2 from next sessions,100.0,65.39,55.0,66.61,65.56,60.0,59.48,trend_up|ma_alignment_bull|momentum_positive|rsi_overbought,,62.63,WATCH,OK,unverified,daily_cycle
2026-09-16,20260916_USDJPY_NONE_NO_TRADE,USDJPY,NONE,NO_TRADE,NO_TRADE,,,,,,0.0,0.0,0.0,54.71,1.86,70.29,0.0,DOWNTREND,32.65,56.17,83.05,52.73,45.0,60.65,No actionable setup,Wait for trend and risk conditions to align,1.86,56.9,40.0,45.0,29.56,10.0,0.0,trend_down|ma_alignment_bear|momentum_negative|atr_too_high|rr_too_low,rr_too_low,0.0,NO_TRADE,OK,unverified,daily_cycle
2026-09-15,20260915_VIX_LONG_B-Watch,VIX,LONG,B,B-Watch,16.80486,17.33172,13.66829,22.16829,25.56829,1.5,0.569,0.422,59.74,40.32,40.26,0.5,RANGE,56.25,97.07,78.31,59.7,65.0,0.0,Close below SL or loss of MA20 support,TP1 then TP2 from next sessions,59.68,62.92,55.0,0.0,63.91,75.0,65.25,momentum_positive|overextended,,66.53,WATCH,OK,unverified,daily_cycle
2026-09-15,20260915_WTI_LONG_A-Momentum,WTI,LONG,B,A-Momentum,104.17864,105.87378,79.19622,143.77119,169.60118,1.5,0.566,0.415,58.36,0.0,41.64,0.5,UPTREND,89.32,100.0,36.59,21.34,65.0,26.77,Close below SL or loss of MA20 support,TP1 then TP2 from next sessions,100.0,85.0,80.0,68.33,77.08,60.0,86.49,trend_up|ma_alignment_bull|momentum_positive|breakout_up|rsi_overbought|overextended,,76.49,WATCH,OK,unverified,daily_cycle
2026-09-16,20260916_BTC_NONE_NO_TRADE,BTC,NONE,NO_TRADE,NO_TRADE,,,,,,0.0,0.0,0.0,62.26,44.07,62.74,0.0,RANGE,65.9,56.48,83.99,65.67,45.0,41.12,No actionable setup,Wait for trend and risk conditions to align,55.93,49.82,80.0,25.0,58.01,10.0,0.0,momentum_negative|rr_too_low,rr_too_low,0.0,NO_TRADE,OK,unverified,daily_cycle
2026-09-16,20260916_DXY_NONE_NO_TRADE,DXY,NONE,NO_TRADE,NO_TRADE,,,,,,0.0,0.0,0.0,56.82,41.13,68.18,0.0,RANGE,56.14,57.95,57.09,51.77,45.0,69.42,No actionable setup,Wait for trend and risk conditions to align,41.13,73.23,80.0,25.0,66.03,10.0,42.71,breakout_up|rr_too_low,rr_too_low,0.0,NO_TRADE,OK,unverified,daily_cycle
2026-09-16,20260916_ETH_NONE_NO_TRADE,ETH,NONE,NO_TRADE,NO_TRADE,,,,,,0.0,0.0,0.0,63.99,39.21,61.01,0.0,RANGE,66.6,69.29,91.35,67.44,45.0,27.07,No actionable setup,Wait for trend and risk conditions to align,60.79,42.31,80.0,25.0,59.91,20.0,43.44,momentum_negative|rr_too_low,rr_too_low,0.0,NO_TRADE,OK,unverified,daily_cycle
2026-09-16,20260916_GOLD_NONE_NO_TRADE,GOLD,NONE,NO_TRADE,NO_TRADE,,,,,,0.0,0.0,0.0,53.47,44.36,71.53,0.0,RANGE,49.96,66.76,68.58,40.56,45.0,44.43,No actionable setup,Wait for trend and risk conditions to align,55.64,37.45,80.0,25.0,63.42,10.0,48.1,momentum_negative|rsi_oversold|rr_too_low,rr_too_low,0.0,NO_TRADE,OK,unverified,daily_cycle
2026-09-16,20260916_NASDAQ_LONG_A-Pullback,NASDAQ,LONG,B,A-Pullback,29312.80714,29472.06429,28776.43571,30316.43572,30932.43573,1.5,0.584,0.46,65.41,26.59,34.59,0.5,UPTREND,52.81,50.28,96.34,67.19,65.0,58.77,Close below SL or loss of MA20 support,TP1 then TP2 from next sessions,73.41,58.07,55.0,0.0,67.02,100.0,61.23,trend_up|ma_alignment_bull|momentum_negative|pullback_to_ma20,,71.88,WATCH,OK,unverified,daily_cycle
2026-09-16,20260916_SPX_NONE_NO_TRADE,SPX,NONE,NO_TRADE,NO_TRADE,,,,,,0.0,0.0,0.0,63.16,46.47,61.84,0.0,RANGE,51.5,50.49,93.35,66.21,45.0,64.04,No actionable setup,Wait for trend and risk conditions to align,53.53,54.38,35.0,25.0,49.77,20.0,0.0,momentum_negative|atr_too_low|rr_too_low|pullback_to_ma20,low_volatility,0.0,NO_TRADE,OK,unverified,daily_cycle
2026-09-16,20260916_US10Y_LONG_B-Watch,US10Y,LONG,B,B-Watch,4.98714,5.01229,4.61471,5.57722,5.96223,1.5,0.568,0.42,59.21,0.0,40.79,0.5,UPTREND,88.78,67.47,39.68,23.15,65.0,59.93,Close below SL or loss of MA20 support,TP1 then TP2 from next sessions,100.0,61.48,55.0,66.06,64.31,60.0,54.61,trend_up|ma_alignment_bull|momentum_positive|rsi_overbought,,60.54,WATCH,OK,unverified,daily_cycle
2026-09-17,20260917_USDJPY_NONE_NO_TRADE,USDJPY,NONE,NO_TRADE,NO_TRADE,,,,,,0.0,0.0,0.0,57.98,4.4,67.02,0.0,DOWNTREND,36.32,58.09,90.92,56.12,45.0,60.55,No actionable setup,Wait for trend and risk conditions to align,4.4,57.4,40.0,45.0,30.63,10.0,0.0,trend_down|ma_alignment_bear|momentum_negative|atr_too_high|rr_too_low|range_middle,rr_too_low,0.0,NO_TRADE,OK,unverified,daily_cycle
2026-09-16,20260916_VIX_LONG_B-Watch,VIX,LONG,B,B-Watch,17.27736,17.85421,13.65579,23.43078,27.34077,1.5,0.564,0.41,57.4,38.0,42.6,0.5,RANGE,58.45,87.97,75.58,53.16,65.0,0.0,Close below SL or loss of MA20 support,TP1 then TP2 from next sessions,62.0,70.0,65.0,0.0,69.2,75.0,66.79,momentum_positive|overextended,,69.64,WATCH,OK,unverified,daily_cycle
2026-09-16,20260916_WTI_NONE_NO_TRADE,WTI,NONE,NO_TRADE,NO_TRADE,,,,,,0.0,0.0,0.0,56.6,0.0,68.4,0.0,UPTREND,80.04,79.52,57.55,34.38,45.0,23.27,No actionable setup,Wait for trend and risk conditions to align,100.0,55.0,80.0,25.0,72.85,10.0,46.89,trend_up|ma_alignment_bull|momentum_positive|rsi_overbought|rr_too_low,rr_too_low,0.0,NO_TRADE,OK,unverified,daily_cycle
2026-09-17,20260917_BTC_NONE_NO_TRADE,BTC,NONE,NO_TRADE,NO_TRADE,,,,,,0.0,0.0,0.0,60.29,45.45,64.71,0.0,RANGE,67.94,55.86,84.23,45.1,45.0,45.46,No actionable setup,Wait for trend and risk conditions to align,54.55,47.89,55.0,25.0,51.85,10.0,0.0,momentum_negative|rsi_oversold|rr_too_low,rr_too_low,0.0,NO_TRADE,OK,unverified,daily_cycle
2026-09-17,20260917_DXY_NONE_NO_TRADE,DXY,NONE,NO_TRADE,NO_TRADE,,,,,,0.0,0.0,0.0,57.82,42.96,67.18,0.0,RANGE,54.54,55.78,64.56,53.38,45.0,69.29,No actionable setup,Wait for trend and risk conditions to align,42.96,53.1,80.0,25.0,54.62,10.0,0.0,momentum_positive|rr_too_low,rr_too_low,0.0,NO_TRADE,OK,unverified,daily_cycle
2026-09-17,20260917_ETH_NONE_NO_TRADE,ETH,NONE,NO_TRADE,NO_TRADE,,,,,,0.0,0.0,0.0,65.01,42.02,59.99,0.0,RANGE,69.29,65.89,96.3,62.87,45.0,30.74,No actionable setup,Wait for trend and risk conditions to align,57.98,46.58,80.0,25.0,57.6,20.0,0.0,momentum_negative|rr_too_low|pullback_to_ma20,rr_too_low,0.0,NO_TRADE,OK,unverified,daily_cycle
2026-09-17,20260917_GOLD_NONE_NO_TRADE,GOLD,NONE,NO_TRADE,NO_TRADE,,,,,,0.0,0.0,0.0,56.01,42.97,68.99,0.0,RANGE,54.58,52.71,81.48,46.73,45.0,44.35,No actionable setup,Wait for trend and risk conditions to align,57.03,47.91,80.0,25.0,57.73,10.0,0.0,momentum_negative|rr_too_low,rr_too_low,0.0,NO_TRADE,OK,unverified,daily_cycle
2026-09-17,20260917_NASDAQ_LONG_B-Watch,NASDAQ,LONG,B,B-Watch,29569.89821,29739.03393,28721.46607,31053.96607,31986.96607,1.5,0.585,0.462,66.0,23.99,34.0,0.5,UPTREND,57.74,59.64,84.69,69.98,65.0,57.91,Close below SL or loss of MA20 support,TP1 then TP2 from next sessions,76.01,65.78,65.0,0.0,72.63,100.0,70.01,trend_up|ma_alignment_bull|momentum_negative,,77.32,WATCH,OK,unverified,daily_cycle
2026-09-17,20260917_SPX_LONG_A-Pullback,SPX,LONG,B,A-Pullback,7676.77679,7708.74107,7501.25893,7980.00893,8171.50893,1.5,0.588,0.47,67.02,20.83,32.98,0.5,UPTREND,56.12,56.73,93.28,66.3,65.0,62.55,Close below SL or loss of MA20 support,TP1 then TP2 from next sessions,79.17,63.58,65.0,0.0,72.96,100.0,66.28,trend_up|ma_alignment_bull|momentum_negative|pullback_to_ma20,,76.36,WATCH,OK,unverified,daily_cycle
2026-09-17,20260917_US10Y_NONE_NO_TRADE,US10Y,NONE,NO_TRADE,NO_TRADE,,,,,,0.0,0.0,0.0,58.6,0.0,66.4,0.0,UPTREND,79.18,50.3,62.24,36.26,45.0,59.16,No actionable setup,Wait for trend and risk conditions to align,100.0,44.29,40.0,45.0,59.5,10.0,0.0,trend_up|ma_alignment_bull|momentum_positive|rsi_overbought|atr_too_high|rr_too_low,rr_too_low,0.0,NO_TRADE,OK,unverified,daily_cycle
2026-09-18,20260918_USDJPY_NONE_NO_TRADE,USDJPY,NONE,NO_TRADE,NO_TRADE,,,,,,0.0,0.0,0.0,57.21,6.05,67.79,0.0,DOWNTREND,36.54,55.09,92.1,51.67,45.0,60.89,No actionable setup,Wait for trend and risk conditions to align,6.05,53.19,40.0,45.0,29.73,20.0,0.0,trend_down|ma_alignment_bear|momentum_negative|atr_too_high|rr_too_low|range_middle,rr_too_low,0.0,NO_TRADE,OK,unverified,daily_cycle
2026-09-17,20260917_VIX_SHORT_B-Watch,VIX,SHORT,B,B-Watch,15.28421,15.90736,19.09579,10.34578,6.84577,1.5,0.576,0.44,62.22,32.67,37.78,0.5,DOWNTREND,46.21,100.0,96.71,65.54,65.0,0.0,Close above SL or recovery above MA20,TP1 then TP2 from next sessions,32.67,20.0,65.0,0.0,74.57,100.0,70.77,trend_down|ma_alignment_bear|momentum_positive|pullback_to_ma20|overextended,,78.51,WATCH,OK,unverified,daily_cycle
2026-09-17,20260917_WTI_NONE_NO_TRADE,WTI,NONE,NO_TRADE,NO_TRADE,,,,,,0.0,0.0,0.0,54.38,0.0,70.62,0.0,UPTREND,78.65,56.73,62.36,37.21,45.0,24.36,No actionable setup,Wait for trend and risk conditions to align,100.0,39.47,80.0,25.0,69.81,10.0,0.0,trend_up|ma_alignment_bull|momentum_positive|rsi_overbought|rr_too_low,rr_too_low,0.0,NO_TRADE,OK,unverified,daily_cycle
2026-09-18,20260918_BTC_LONG_TREND,BTC,LONG,A,TREND,80297.25017,81116.18744,74739.85943,89657.00787,95623.86724,1.5,0.596,0.49,70.3,12.66,29.7,1.0,UPTREND,82.97,76.51,75.7,64.96,65.0,44.64,Close below SL or loss of MA20 support,TP1 then TP2 from next sessions,87.34,75.0,65.0,0.0,79.82,75.0,78.27,trend_up|ma_alignment_bull|momentum_negative,,78.39,TRADE,OK,unverified,daily_cycle
2026-09-18,20260918_DXY_NONE_NO_TRADE,DXY,NONE,NO_TRADE,NO_TRADE,,,,,,0.0,0.0,0.0,59.36,44.44,65.64,0.0,RANGE,54.59,55.52,66.68,60.82,45.0,69.48,No actionable setup,Wait for trend and risk conditions to align,44.44,53.29,65.0,25.0,52.2,10.0,0.0,momentum_positive|rr_too_low,rr_too_low,0.0,NO_TRADE,OK,unverified,daily_cycle
2026-09-18,20260918_ETH_LONG_TREND,ETH,LONG,A,TREND,2581.59296,2620.38894,2346.48924,2982.74352,3237.24522,1.5,0.585,0.462,65.88,6.44,34.12,1.0,UPTREND,80.41,76.98,74.25,55.46,65.0,30.42,Close below SL or loss of MA20 support,TP1 then TP2 from next sessions,93.56,75.0,80.0,0.0,85.0,75.0,75.5,trend_up|ma_alignment_bull|momentum_positive,,80.15,TRADE,OK,unverified,daily_cycle
2026-09-18,20260918_GOLD_NONE_NO_TRADE,GOLD,NONE,NO_TRADE,NO_TRADE,,,,,,0.0,0.0,0.0,59.34,41.78,65.66,0.0,RANGE,56.52,50.79,87.77,58.86,45.0,44.71,No actionable setup,Wait for trend and risk conditions to align,58.22,52.32,80.0,25.0,59.69,10.0,0.0,momentum_negative|rr_too_low,rr_too_low,0.0,NO_TRADE,OK,unverified,daily_cycle
2026-09-18,20260918_NASDAQ_LONG_A-Momentum,NASDAQ,LONG,A,A-Momentum,29829.28929,29996.90357,28721.84643,31699.97143,32891.22143,1.5,0.58,0.45,63.85,17.71,36.15,1.0,UPTREND,62.83,59.66,74.32,60.62,65.0,58.21,Close below SL or loss of MA20 support,TP1 then TP2 from next sessions,82.29,79.43,65.0,0.0,79.6,75.0,86.4,trend_up|ma_alignment_bull|breakout_up,,80.72,TRADE,OK,unverified,daily_cycle
2026-09-18,20260918_SPX_LONG_B-Watch,SPX,LONG,B,B-Watch,7701.375,7732.875,7501.375,8040.75,8256.5,1.5,0.587,0.467,66.68,18.07,33.32,0.5,UPTREND,58.52,54.28,87.66,69.74,65.0,62.77,Close below SL or loss of MA20 support,TP1 then TP2 from next sessions,81.93,58.13,65.0,0.0,72.02,75.0,58.7,trend_up|ma_alignment_bull|momentum_negative,,68.62,WATCH,OK,unverified,daily_cycle
2026-09-18,20260918_US10Y_NONE_NO_TRADE,US10Y,NONE,NO_TRADE,NO_TRADE,,,,,,0.0,0.0,0.0,58.23,0.0,66.77,0.0,UPTREND,84.88,52.31,51.55,36.1,45.0,59.58,No actionable setup,Wait for trend and risk conditions to align,100.0,56.54,40.0,60.0,58.81,10.0,48.68,trend_up|ma_alignment_bull|momentum_positive|rsi_overbought|atr_too_high|rr_too_low,rr_too_low,0.0,NO_TRADE,OK,unverified,daily_cycle
2026-09-18,20260918_VIX_SHORT_B-Watch,VIX,SHORT,B,B-Watch,14.65579,15.27264,19.09421,8.76922,4.63923,1.5,0.565,0.412,57.94,29.47,42.06,0.5,DOWNTREND,42.92,82.51,89.51,69.52,65.0,0.0,Close above SL or recovery above MA20,TP1 then TP2 from next sessions,29.47,25.0,65.0,0.0,73.94,75.0,76.46,trend_down|ma_alignment_bear|momentum_positive,,74.91,WATCH,OK,unverified,daily_cycle
2026-09-18,20260918_WTI_NONE_NO_TRADE,WTI,NONE,NO_TRADE,NO_TRADE,,,,,,0.0,0.0,0.0,59.43,0.0,65.57,0.0,UPTREND,65.3,72.89,89.22,50.76,45.0,14.76,No actionable setup,Wait for trend and risk conditions to align,100.0,26.27,80.0,25.0,65.19,10.0,0.0,trend_up|ma_alignment_bull|momentum_positive|rr_too_low|range_middle,rr_too_low,0.0,NO_TRADE,OK,unverified,daily_cycle
2026-09-19,20260919_BTC_LONG_B-Watch,BTC,LONG,B,B-Watch,80654.51853,81485.06674,74736.9567,90569.04654,96901.88247,1.5,0.592,0.48,68.78,2.8,31.22,0.5,UPTREND,82.5,69.92,74.42,64.18,65.0,44.34,Close below SL or loss of MA20 support,TP1 then TP2 from next sessions,97.2,64.28,65.0,0.0,79.52,75.0,59.57,trend_up|ma_alignment_bull|momentum_positive,,72.63,WATCH,OK,unverified,daily_cycle
2026-09-19,20260919_ETH_LONG_B-Watch,ETH,LONG,B,B-Watch,2604.35313,2643.34909,2346.43924,3039.96891,3317.38078,1.5,0.583,0.457,65.13,0.0,34.87,0.5,UPTREND,80.87,73.7,72.15,55.58,65.0,30.58,Close below SL or loss of MA20 support,TP1 then TP2 from next sessions,100.0,68.48,80.0,0.0,84.97,75.0,63.46,trend_up|ma_alignment_bull|momentum_positive,,76.52,WATCH,OK,unverified,daily_cycle
2026-09-18,20260918_NASDAQ_LONG_B-Watch,NASDAQ,LONG,B,B-Watch,29492.98326,29653.91183,28723.51786,30848.34207,31698.27176,1.5,0.583,0.457,65.2,19.33,34.8,0.5,UPTREND,56.71,53.86,87.76,67.21,65.0,58.7,Close below SL or loss of MA20 support,TP1 then TP2 from next sessions,80.67,55.15,55.0,0.0,68.54,100.0,55.64,trend_up|ma_alignment_bull,,70.96,WATCH,OK,unverified,daily_cycle
2026-09-18,20260918_SPX_NONE_NO_TRADE,SPX,NONE,NO_TRADE,NO_TRADE,,,,,,0.0,0.0,0.0,63.53,44.31,61.47,0.0,RANGE,51.87,50.14,97.53,63.67,45.0,63.27,No actionable setup,Wait for trend and risk conditions to align,55.69,51.05,55.0,25.0,53.36,20.0,0.0,momentum_negative|rr_too_low|range_middle|pullback_to_ma20,rr_too_low,0.0,NO_TRADE,OK,unverified,daily_cycle
2026-09-19,20260919_USDJPY_NONE_NO_TRADE,USDJPY,NONE,NO_TRADE,NO_TRADE,,,,,,0.0,0.0,0.0,61.38,33.04,63.62,0.0,RANGE,41.13,61.18,99.15,57.37,45.0,59.9,No actionable setup,Wait for trend and risk conditions to align,33.04,59.03,40.0,45.0,41.23,20.0,0.0,momentum_negative|atr_too_high|rr_too_low|range_middle|pullback_to_ma20,rr_too_low,0.0,NO_TRADE,OK,unverified,daily_cycle
2026-09-20,20260920_BTC_LONG_B-Watch,BTC,LONG,B,B-Watch,80511.44593,81341.95552,74736.96635,90211.30229,96401.03666,1.5,0.594,0.485,69.62,0.0,30.38,0.5,UPTREND,80.54,86.51,76.77,66.76,45.0,44.29,Close below SL or loss of MA20 support,TP1 then TP2 from next sessions,100.0,59.39,65.0,0.0,78.79,75.0,52.06,trend_up|ma_alignment_bull|momentum_positive|overextended,,70.01,WATCH,OK,unverified,daily_cycle
2026-09-20,20260920_DXY_NONE_NO_TRADE,DXY,NONE,NO_TRADE,NO_TRADE,,,,,,0.0,0.0,0.0,58.41,45.3,66.59,0.0,RANGE,55.92,54.04,66.32,54.03,45.0,69.7,No actionable setup,Wait for trend and risk conditions to align,45.3,52.64,65.0,25.0,52.28,10.0,0.0,momentum_positive|rr_too_low,rr_too_low,0.0,NO_TRADE,OK,unverified,daily_cycle
2026-09-20,20260920_ETH_LONG_B-Watch,ETH,LONG,B,B-Watch,2610.79482,2650.58825,2346.23987,3057.36903,3341.8207,1.5,0.593,0.482,69.09,0.0,30.91,0.5,UPTREND,79.53,100.0,72.99,57.59,65.0,29.79,Close below SL or loss of MA20 support,TP1 then TP2 from next sessions,100.0,61.65,80.0,0.0,82.58,75.0,54.81,trend_up|ma_alignment_bull|momentum_positive|overextended,,72.73,WATCH,OK,unverified,daily_cycle
2026-09-20,20260920_GOLD_NONE_NO_TRADE,GOLD,NONE,NO_TRADE,NO_TRADE,,,,,,0.0,0.0,0.0,61.06,46.0,63.94,0.0,RANGE,55.99,56.79,88.58,62.81,45.0,46.01,No actionable setup,Wait for trend and risk conditions to align,54.0,52.5,65.0,25.0,55.28,10.0,0.0,momentum_negative|rr_too_low,rr_too_low,0.0,NO_TRADE,OK,unverified,daily_cycle
2026-09-20,20260920_NASDAQ_LONG_A-Momentum,NASDAQ,LONG,A,A-Momentum,29894.64135,30059.78622,28722.46378,31859.33879,33114.0888,1.5,0.581,0.452,64.45,14.5,35.55,1.0,UPTREND,64.39,64.86,71.8,59.91,65.0,58.5,Close below SL or loss of MA20 support,TP1 then TP2 from next sessions,85.5,80.75,65.0,0.0,81.19,75.0,87.09,trend_up|ma_alignment_bull|momentum_positive|breakout_up,,81.72,TRADE,OK,unverified,daily_cycle
2026-09-20,20260920_SPX_LONG_B-Watch,SPX,LONG,B,B-Watch,7709.18964,7739.93679,7501.56321,8059.06322,8282.06323,1.5,0.586,0.465,66.48,16.16,33.52,0.5,UPTREND,59.39,57.03,85.35,67.0,65.0,63.07,Close below SL or loss of MA20 support,TP1 then TP2 from next sessions,83.84,59.11,65.0,0.0,73.03,75.0,59.18,trend_up|ma_alignment_bull,,69.27,WATCH,OK,unverified,daily_cycle
2026-09-21,20260921_USDJPY_NONE_NO_TRADE,USDJPY,NONE,NO_TRADE,NO_TRADE,,,,,,0.0,0.0,0.0,61.47,33.19,63.53,0.0,RANGE,41.86,61.73,97.73,58.24,45.0,59.78,No actionable setup,Wait for trend and risk conditions to align,33.19,59.9,40.0,45.0,41.58,20.0,0.0,momentum_negative|atr_too_high|rr_too_low|range_middle|pullback_to_ma20,rr_too_low,0.0,NO_TRADE,OK,unverified,daily_cycle
2026-09-20,20260920_WTI_NONE_NO_TRADE,WTI,NONE,NO_TRADE,NO_TRADE,,,,,,0.0,0.0,0.0,60.23,0.0,64.77,0.0,UPTREND,66.14,75.0,88.38,51.6,45.0,16.83,No actionable setup,Wait for trend and risk conditions to align,100.0,25.0,80.0,25.0,64.75,10.0,0.0,trend_up|ma_alignment_bull|momentum_positive|rr_too_low,rr_too_low,0.0,NO_TRADE,OK,unverified,daily_cycle
2026-09-22,20260922_BTC_LONG_A-Momentum,BTC,LONG,B,A-Momentum,85659.55257,86601.76373,74709.04096,103263.08394,114684.70113,1.5,0.587,0.467,66.69,0.0,33.31,0.5,UPTREND,93.13,100.0,42.97,46.48,65.0,42.27,Close below SL or loss of MA20 support,TP1 then TP2 from next sessions,100.0,85.0,80.0,15.0,87.75,60.0,86.49,trend_up|ma_alignment_bull|momentum_positive|breakout_up|overextended,,81.82,WATCH,OK,unverified,daily_cycle
2026-09-21,20260921_DXY_NONE_NO_TRADE,DXY,NONE,NO_TRADE,NO_TRADE,,,,,,0.0,0.0,0.0,57.93,45.48,67.07,0.0,RANGE,58.02,54.69,62.17,52.31,45.0,69.6,No actionable setup,Wait for trend and risk conditions to align,45.48,53.67,65.0,25.0,52.7,10.0,0.0,momentum_positive|rr_too_low,rr_too_low,0.0,NO_TRADE,OK,unverified,daily_cycle
2026-09-22,20260922_ETH_LONG_A-Momentum,ETH,LONG,B,A-Momentum,2740.68359,2782.55892,2345.7194,3385.47404,3801.37589,1.5,0.584,0.46,65.57,0.0,34.43,0.5,UPTREND,86.75,100.0,54.8,46.49,65.0,29.68,Close below SL or loss of MA20 support,TP1 then TP2 from next sessions,100.0,85.0,65.0,15.0,84.75,60.0,86.49,trend_up|ma_alignment_bull|momentum_positive|breakout_up|overextended,,80.32,WATCH,OK,unverified,daily_cycle
2026-09-21,20260921_GOLD_NONE_NO_TRADE,GOLD,NONE,NO_TRADE,NO_TRADE,,,,,,0.0,0.0,0.0,60.79,46.0,64.21,0.0,RANGE,55.71,56.51,88.41,62.6,45.0,45.46,No actionable setup,Wait for trend and risk conditions to align,54.0,52.07,80.0,25.0,58.12,10.0,0.0,momentum_negative|rr_too_low,rr_too_low,0.0,NO_TRADE,OK,unverified,daily_cycle
2026-09-21,20260921_NASDAQ_LONG_A-Momentum,NASDAQ,LONG,B,A-Momentum,30730.42349,30919.5255,28716.4745,33987.72449,36096.22448,1.5,0.576,0.44,62.33,10.42,37.67,0.5,UPTREND,76.73,79.5,44.49,48.86,65.0,56.62,Close below SL or loss of MA20 support,TP1 then TP2 from next sessions,89.58,90.0,65.0,15.0,82.85,60.0,98.36,trend_up|ma_alignment_bull|momentum_positive|breakout_up,,82.93,WATCH,OK,unverified,daily_cycle
2026-09-21,20260921_SPX_LONG_A-Momentum,SPX,LONG,B,A-Momentum,7812.47179,7846.17607,7500.82393,8322.07393,8650.57393,1.5,0.581,0.452,64.43,14.24,35.57,0.5,UPTREND,68.38,63.95,65.23,59.18,65.0,62.1,Close below SL or loss of MA20 support,TP1 then TP2 from next sessions,85.76,83.37,80.0,0.0,85.2,60.0,90.8,trend_up|ma_alignment_bull|breakout_up,,81.84,WATCH,OK,unverified,daily_cycle
2026-09-21,20260921_US10Y_NONE_NO_TRADE,US10Y,NONE,NO_TRADE,NO_TRADE,,,,,,0.0,0.0,0.0,60.47,0.0,64.53,0.0,UPTREND,79.57,50.2,64.47,44.85,45.0,59.49,No actionable setup,Wait for trend and risk conditions to align,100.0,46.62,40.0,45.0,60.32,10.0,0.0,trend_up|ma_alignment_bull|momentum_positive|rsi_overbought|atr_too_high|rr_too_low,rr_too_low,0.0,NO_TRADE,OK,unverified,daily_cycle
2026-09-22,20260922_USDJPY_NONE_NO_TRADE,USDJPY,NONE,NO_TRADE,NO_TRADE,,,,,,0.0,0.0,0.0,60.73,33.89,64.27,0.0,RANGE,43.4,59.68,93.48,57.73,45.0,60.47,No actionable setup,Wait for trend and risk conditions to align,33.89,56.85,40.0,45.0,40.76,20.0,0.0,momentum_negative|atr_too_high|rr_too_low|range_middle|pullback_to_ma20,rr_too_low,0.0,NO_TRADE,OK,unverified,daily_cycle
2026-09-21,20260921_VIX_SHORT_B-Watch,VIX,SHORT,B,B-Watch,14.72543,15.30371,19.08457,8.90957,4.83957,1.5,0.564,0.41,57.72,0.0,42.28,0.5,DOWNTREND,43.04,100.0,90.16,62.87,45.0,0.0,Close above SL or recovery above MA20,TP1 then TP2 from next sessions,0.0,32.03,65.0,0.0,81.79,75.0,62.8,trend_down|ma_alignment_bear|momentum_negative|overextended,,74.74,WATCH,OK,unverified,daily_cycle
2026-09-21,20260921_WTI_NONE_NO_TRADE,WTI,NONE,NO_TRADE,NO_TRADE,,,,,,0.0,0.0,0.0,63.37,22.0,61.63,0.0,RANGE,58.65,95.42,96.67,60.02,45.0,10.4,No actionable setup,Wait for trend and risk conditions to align,78.0,20.0,80.0,25.0,55.3,20.0,0.0,momentum_positive|rr_too_low|range_middle|pullback_to_ma20|overextended,rr_too_low,0.0,NO_TRADE,OK,unverified,daily_cycle
2026-09-22,20260922_BTC_LONG_B-Watch,BTC,LONG,B,B-Watch,85500.0832,86461.09727,74704.34023,102894.96524,114171.21525,1.5,0.582,0.455,64.72,0.0,35.28,0.5,UPTREND,90.27,100.0,48.6,44.67,45.0,41.56,Close below SL or loss of MA20 support,TP1 then TP2 from next sessions,100.0,57.79,80.0,15.0,78.23,60.0,50.16,trend_up|ma_alignment_bull|momentum_positive|rsi_overbought|overextended,,66.16,WATCH,OK,unverified,daily_cycle
2026-09-22,20260922_DXY_NONE_NO_TRADE,DXY,NONE,NO_TRADE,NO_TRADE,,,,,,0.0,0.0,0.0,58.22,45.75,66.78,0.0,RANGE,61.08,54.57,59.23,53.26,45.0,69.53,No actionable setup,Wait for trend and risk conditions to align,45.75,53.39,65.0,25.0,52.7,10.0,0.0,momentum_positive|rr_too_low,rr_too_low,0.0,NO_TRADE,OK,unverified,daily_cycle
2026-09-22,20260922_ETH_NONE_NO_TRADE,ETH,NONE,NO_TRADE,NO_TRADE,,,,,,0.0,0.0,0.0,64.18,0.0,60.82,0.0,UPTREND,83.61,100.0,61.36,47.94,45.0,28.73,No actionable setup,Wait for trend and risk conditions to align,100.0,56.26,65.0,25.0,77.69,10.0,48.36,trend_up|ma_alignment_bull|momentum_positive|rr_too_low|overextended,rr_too_low,0.0,NO_TRADE,OK,unverified,daily_cycle
2026-09-22,20260922_GOLD_NONE_NO_TRADE,GOLD,NONE,NO_TRADE,NO_TRADE,,,,,,0.0,0.0,0.0,62.34,46.0,62.66,0.0,RANGE,55.04,58.04,89.36,69.33,45.0,47.35,No actionable setup,Wait for trend and risk conditions to align,54.0,56.95,55.0,25.0,54.83,10.0,0.0,momentum_negative|rr_too_low,rr_too_low,0.0,NO_TRADE,OK,unverified,daily_cycle
2026-09-22,20260922_NASDAQ_LONG_A-Momentum,NASDAQ,LONG,B,A-Momentum,30919.64492,31100.11836,28718.63164,34446.75664,36738.00664,1.5,0.574,0.435,61.65,2.26,38.35,0.5,UPTREND,80.72,86.26,38.26,38.31,65.0,57.57,Close below SL or loss of MA20 support,TP1 then TP2 from next sessions,97.74,79.39,65.0,47.11,75.57,60.0,79.54,trend_up|ma_alignment_bull|momentum_positive|breakout_up|rsi_overbought|overextended,,73.65,WATCH,OK,unverified,daily_cycle
2026-09-22,20260922_SPX_LONG_B-Watch,SPX,LONG,B,B-Watch,7808.77,7840.41,7501.34,8309.465,8632.715,1.5,0.576,0.44,62.25,10.2,37.75,0.5,UPTREND,68.51,66.03,65.96,53.97,45.0,62.88,Close below SL or loss of MA20 support,TP1 then TP2 from next sessions,89.8,59.55,65.0,0.0,75.27,60.0,57.3,trend_up|ma_alignment_bull|momentum_positive,,66.83,WATCH,OK,unverified,daily_cycle
2026-09-22,20260922_US10Y_NONE_NO_TRADE,US10Y,NONE,NO_TRADE,NO_TRADE,,,,,,0.0,0.0,0.0,61.6,0.0,63.4,0.0,UPTREND,79.04,52.8,67.07,47.37,45.0,59.37,No actionable setup,Wait for trend and risk conditions to align,100.0,48.82,40.0,45.0,61.09,10.0,0.0,trend_up|ma_alignment_bull|momentum_positive|atr_too_high|rr_too_low,rr_too_low,0.0,NO_TRADE,OK,unverified,daily_cycle
2026-09-23,20260923_USDJPY_NONE_NO_TRADE,USDJPY,NONE,NO_TRADE,NO_TRADE,,,,,,0.0,0.0,0.0,60.77,34.89,64.23,0.0,RANGE,43.11,57.07,90.33,63.05,45.0,62.71,No actionable setup,Wait for trend and risk conditions to align,34.89,54.54,40.0,45.0,40.3,10.0,0.0,momentum_negative|atr_too_high|rr_too_low,rr_too_low,0.0,NO_TRADE,OK,unverified,daily_cycle
2026-09-22,20260922_VIX_SHORT_B-Watch,VIX,SHORT,B,B-Watch,14.07214,14.62357,19.07786,7.25285,2.52284,1.5,0.564,0.41,57.41,0.0,42.59,0.5,DOWNTREND,39.13,100.0,81.88,65.0,65.0,0.0,Close above SL or recovery above MA20,TP1 then TP2 from next sessions,0.0,20.0,55.0,0.0,84.0,60.0,79.2,trend_down|ma_alignment_bear|momentum_negative|overextended,,77.76,WATCH,OK,unverified,daily_cycle
2026-09-22,20260922_WTI_NONE_NO_TRADE,WTI,NONE,NO_TRADE,NO_TRADE,,,,,,0.0,0.0,0.0,61.88,22.0,63.12,0.0,RANGE,54.05,100.0,85.68,68.99,45.0,9.23,No actionable setup,Wait for trend and risk conditions to align,78.0,20.0,80.0,25.0,55.3,10.0,0.0,momentum_positive|rr_too_low|overextended,rr_too_low,0.0,NO_TRADE,OK,unverified,daily_cycle
